date,participant,trial,nTarg,targOnset,targFlash,targRT,targCor,targGap,FA_rt,isPrac,isStationary
2021-11-12,davidarvo,0,8,1.817684,1,2.409806,1,0.07,NaN,1,1
2021-11-12,davidarvo,0,8,2.664166,1,3.098874,1,0.07,NaN,1,1
2021-11-12,davidarvo,0,8,3.499236,1,3.984628,1,0.07,NaN,1,1
2021-11-12,davidarvo,0,8,4.338559,2,4.894871,1,0.07,NaN,1,1
2021-11-12,davidarvo,0,8,5.382121,2,5.939084,1,0.07,NaN,1,1
2021-11-12,davidarvo,0,8,6.339878,2,6.85379,1,0.07,NaN,1,1
2021-11-12,davidarvo,0,8,7.273282,2,7.803465,1,0.07,NaN,1,1
2021-11-12,davidarvo,0,8,8.214931,1,8.762088,1,0.07,NaN,1,1
2021-11-12,davidarvo,1,7,1.47906,2,2.17963,1,0.06,NaN,1,1
2021-11-12,davidarvo,1,7,2.432727,1,2.976102,1,0.06,NaN,1,1
2021-11-12,davidarvo,1,7,3.289335,2,3.936337,1,0.05,NaN,1,1
2021-11-12,davidarvo,1,7,4.227677,2,0,0,0.05,NaN,1,1
2021-11-12,davidarvo,1,7,5.160138,2,5.77199,1,0.05,NaN,1,1
2021-11-12,davidarvo,1,7,6.11572,1,6.65572,1,0.05,NaN,1,1
2021-11-12,davidarvo,1,7,8.158127,1,8.761395,1,0.05,NaN,1,1
2021-11-12,davidarvo,2,8,1.60059,2,2.112958,1,0.04000001,NaN,1,1
2021-11-12,davidarvo,2,8,2.522233,1,3.200684,0,0.04000001,NaN,1,1
2021-11-12,davidarvo,2,8,3.366359,1,3.91104,1,0.04000001,NaN,1,1
2021-11-12,davidarvo,2,8,4.207665,2,4.815644,1,0.03000001,NaN,1,1
2021-11-12,davidarvo,2,8,5.127564,2,5.685185,1,0.03000001,NaN,1,1
2021-11-12,davidarvo,2,8,6.031076,1,6.684433,1,0.03000001,NaN,1,1
2021-11-12,davidarvo,2,8,6.872438,1,7.399919,1,0.03000001,NaN,1,1
2021-11-12,davidarvo,2,8,7.720771,1,8.152316,1,0.03000001,NaN,1,1
2021-11-12,davidarvo,3,8,1.578856,2,2.230414,1,0.02000001,NaN,1,1
2021-11-12,davidarvo,3,8,2.486676,1,2.988579,1,0.02000001,NaN,1,1
2021-11-12,davidarvo,3,8,3.322361,1,0,0,0.02000001,NaN,1,1
2021-11-12,davidarvo,3,8,4.232502,1,4.292072,1,0.02000001,NaN,1,1
2021-11-12,davidarvo,3,8,5.074937,2,5.5979,0,0.03000001,4.822168,1,1
2021-11-12,davidarvo,3,8,5.973053,1,6.643065,1,0.03000001,4.822168,1,1
2021-11-12,davidarvo,3,8,6.808935,1,7.265068,1,0.03000001,4.822168,1,1
2021-11-12,davidarvo,3,8,7.650124,1,8.213614,0,0.03000001,4.822168,1,1
2021-11-12,davidarvo,4,8,1.654796,1,2.198606,1,0.03000001,NaN,1,1
2021-11-12,davidarvo,4,8,2.498017,1,3.130438,1,0.03000001,NaN,1,1
2021-11-12,davidarvo,4,8,3.331299,2,3.874249,1,0.02000001,NaN,1,1
2021-11-12,davidarvo,4,8,4.231411,1,4.860974,1,0.02000001,NaN,1,1
2021-11-12,davidarvo,4,8,5.071635,1,5.720073,1,0.02000001,NaN,1,1
2021-11-12,davidarvo,4,8,5.908273,1,6.38414,1,0.02000001,NaN,1,1
2021-11-12,davidarvo,4,8,6.74133,1,7.281732,1,0.02000001,NaN,1,1
2021-11-12,davidarvo,4,8,7.595822,1,8.069983,1,0.02000001,NaN,1,1
2021-11-12,davidarvo,5,7,1.719264,1,2.441704,1,0.02000001,NaN,1,1
2021-11-12,davidarvo,5,7,2.553194,2,3.072092,1,0.01000001,NaN,1,1
2021-11-12,davidarvo,5,7,3.45392,1,3.929973,1,0.01000001,NaN,1,1
2021-11-12,davidarvo,5,7,4.296856,1,5.028816,1,0.01000001,NaN,1,1
2021-11-12,davidarvo,5,7,5.1403,1,5.905649,1,0.01000001,NaN,1,1
2021-11-12,davidarvo,5,7,5.995264,1,6.572455,1,0.01000001,NaN,1,1
2021-11-12,davidarvo,5,7,6.838048,2,7.272076,0,0.02000001,NaN,1,1
2021-11-12,davidarvo,6,7,1.48912,2,2.275694,1,0.01000001,NaN,1,1
2021-11-12,davidarvo,6,7,2.387001,2,2.928959,1,0.01000001,NaN,1,1
2021-11-12,davidarvo,6,7,3.284593,2,3.90788,0,0.02000001,NaN,1,1
2021-11-12,davidarvo,6,7,4.174642,2,4.75338,1,0.01000001,NaN,1,1
2021-11-12,davidarvo,6,7,5.073713,1,5.637087,1,0.01000001,NaN,1,1
2021-11-12,davidarvo,6,7,5.915038,1,6.406634,1,0.01000001,NaN,1,1
2021-11-12,davidarvo,6,7,6.75091,2,7.11598,0,0.02000001,NaN,1,1
2021-11-12,davidarvo,7,8,1.696538,1,2.207534,1,0.02000001,NaN,1,1
2021-11-12,davidarvo,7,8,2.543344,2,3.009565,1,0.01000001,NaN,1,1
2021-11-12,davidarvo,7,8,3.42836,2,4.10323,0,0.02000001,NaN,1,1
2021-11-12,davidarvo,7,8,4.32735,1,4.7969,1,0.02000001,NaN,1,1
2021-11-12,davidarvo,7,8,5.160498,1,5.715433,1,0.02000001,NaN,1,1
2021-11-12,davidarvo,7,8,6.002994,2,6.504169,1,0.01000001,NaN,1,1
2021-11-12,davidarvo,7,8,6.896574,2,7.360151,0,0.02000001,NaN,1,1
2021-11-12,davidarvo,7,8,7.770341,2,8.527882,1,0.01000001,NaN,1,1
2021-11-12,davidarvo,8,8,1.45269,1,1.921837,1,0.01000001,NaN,1,1
2021-11-12,davidarvo,8,8,2.294018,2,2.764086,0,0.02000001,NaN,1,1
2021-11-12,davidarvo,8,8,3.163893,2,3.704005,0,0.03000001,NaN,1,1
2021-11-12,davidarvo,8,8,4.051445,2,4.768229,1,0.02000001,NaN,1,1
2021-11-12,davidarvo,8,8,4.959797,2,5.496299,0,0.03000001,NaN,1,1
2021-11-12,davidarvo,8,8,5.85857,1,6.595769,1,0.03000001,NaN,1,1
2021-11-12,davidarvo,8,8,6.695698,1,7.218913,1,0.03000001,NaN,1,1
2021-11-12,davidarvo,8,8,8.136762,2,8.671943,1,0.02000001,NaN,1,1
2021-11-12,davidarvo,9,7,1.754475,2,2.377032,1,0.02000001,NaN,1,1
2021-11-12,davidarvo,9,7,2.631632,2,3.311747,1,0.01000001,NaN,1,1
2021-11-12,davidarvo,9,7,3.531744,2,4.297379,0,0.02000001,NaN,1,1
2021-11-12,davidarvo,9,7,4.408661,1,4.971592,1,0.02000001,NaN,1,1
2021-11-12,davidarvo,9,7,5.248249,2,5.940485,1,0.01500001,NaN,1,1
2021-11-12,davidarvo,9,7,6.128979,1,6.693216,1,0.01500001,NaN,1,1
2021-11-12,davidarvo,9,7,8.074188,2,8.761586,1,0.01000001,NaN,1,1
2021-11-12,davidarvo,10,8,1.53934,1,2.068115,1,0.01000001,NaN,1,1
2021-11-12,davidarvo,10,8,2.383224,2,2.95795,0,0.01500001,NaN,1,1
2021-11-12,davidarvo,10,8,3.26184,2,3.931315,1,0.01000001,NaN,1,1
2021-11-12,davidarvo,10,8,4.150989,1,4.729364,1,0.01000001,NaN,1,1
2021-11-12,davidarvo,10,8,4.984361,2,5.707143,1,0.005000007,NaN,1,1
2021-11-12,davidarvo,10,8,5.883993,2,6.418891,0,0.01000001,NaN,1,1
2021-11-12,davidarvo,10,8,7.103489,1,7.683898,1,0.01000001,NaN,1,1
2021-11-12,davidarvo,10,8,7.937044,1,8.337698,1,0.01000001,NaN,1,1
2021-11-12,davidarvo,11,8,1.787204,1,2.339089,1,0.01000001,NaN,1,1
2021-11-12,davidarvo,11,8,2.630105,2,3.182378,0,0.01500001,NaN,1,1
2021-11-12,davidarvo,11,8,3.505782,2,4.039249,1,0.01000001,NaN,1,1
2021-11-12,davidarvo,11,8,4.404867,2,4.840587,0,0.01500001,NaN,1,1
2021-11-12,davidarvo,11,8,5.290848,1,5.939391,1,0.01500001,NaN,1,1
2021-11-12,davidarvo,11,8,6.129688,1,6.729545,0,0.01500001,NaN,1,1
2021-11-12,davidarvo,11,8,7.039831,2,7.629294,1,0.01000001,NaN,1,1
2021-11-12,davidarvo,11,8,7.927009,2,8.370382,0,0.01500001,NaN,1,1
2021-11-12,davidarvo,12,7,1.621772,1,2.164902,1,0.01500001,NaN,1,1
2021-11-12,davidarvo,12,7,2.464982,2,2.973322,1,0.01000001,NaN,1,1
2021-11-12,davidarvo,12,7,3.340486,2,3.849282,0,0.01500001,NaN,1,1
2021-11-12,davidarvo,12,7,4.217408,2,4.834979,1,0.01000001,NaN,1,1
2021-11-12,davidarvo,12,7,5.105802,2,5.593934,0,0.01500001,NaN,1,1
2021-11-12,davidarvo,12,7,5.98857,2,6.552564,1,0.01000001,NaN,1,1
2021-11-12,davidarvo,12,7,6.88329,1,7.506837,1,0.01000001,NaN,1,1
2021-11-12,davidarvo,13,8,1.773037,2,2.343973,0,0.01500001,NaN,1,1
2021-11-12,davidarvo,13,8,2.642402,1,3.287328,1,0.01500001,NaN,1,1
2021-11-12,davidarvo,13,8,3.47583,2,3.985399,1,0.01000001,NaN,1,1
2021-11-12,davidarvo,13,8,4.353234,2,4.873558,0,0.01500001,NaN,1,1
2021-11-12,davidarvo,13,8,5.247841,2,0,0,0.01500001,NaN,1,1
2021-11-12,davidarvo,13,8,6.086329,2,6.164702,1,0.01000001,NaN,1,1
2021-11-12,davidarvo,13,8,6.985989,2,7.531021,0,0.01500001,6.928187,1,1
2021-11-12,davidarvo,13,8,7.853518,1,8.341132,1,0.01500001,6.928187,1,1
2021-11-12,davidarvo,14,7,1.456252,1,1.937159,1,0.01500001,NaN,1,1
2021-11-12,davidarvo,14,7,2.297251,1,2.759006,1,0.01500001,NaN,1,1
2021-11-12,davidarvo,14,7,3.140968,2,3.796069,1,0.01250001,NaN,1,1
2021-11-12,davidarvo,14,7,4.031055,1,4.484423,1,0.01250001,NaN,1,1
2021-11-12,davidarvo,14,7,4.888873,2,5.48058,1,0.01000001,NaN,1,1
2021-11-12,davidarvo,14,7,5.784016,2,6.392169,1,0.01000001,NaN,1,1
2021-11-12,davidarvo,14,7,6.763144,1,7.326393,1,0.01000001,NaN,1,1
2021-11-12,davidarvo,15,8,1.630847,1,2.167349,1,0.01000001,NaN,1,1
2021-11-12,davidarvo,15,8,2.484112,2,3.049925,0,0.01250001,NaN,1,1
2021-11-12,davidarvo,15,8,3.36799,1,0,0,0.01250001,NaN,1,1
2021-11-12,davidarvo,15,8,4.251963,1,4.760534,1,0.01250001,NaN,1,1
2021-11-12,davidarvo,15,8,5.101625,1,5.695046,1,0.01250001,NaN,1,1
2021-11-12,davidarvo,15,8,5.940112,1,6.481436,1,0.01250001,NaN,1,1
2021-11-12,davidarvo,15,8,6.793795,1,7.417645,1,0.01250001,NaN,1,1
2021-11-12,davidarvo,15,8,7.629339,1,8.228463,1,0.01250001,NaN,1,1
2021-11-12,davidarvo,16,8,1.532171,1,2.021044,1,0.01250001,NaN,1,1
2021-11-12,davidarvo,16,8,2.376466,1,2.859847,1,0.01250001,NaN,1,1
2021-11-12,davidarvo,16,8,3.220096,1,3.715672,1,0.01250001,NaN,1,1
2021-11-12,davidarvo,16,8,4.075265,2,4.570515,1,0.01000001,NaN,1,1
2021-11-12,davidarvo,16,8,4.962774,2,5.472357,0,0.01250001,NaN,1,1
2021-11-12,davidarvo,16,8,5.851274,2,6.328629,0,0.01500001,NaN,1,1
2021-11-12,davidarvo,16,8,6.729213,2,7.40701,1,0.01250001,NaN,1,1
2021-11-12,davidarvo,16,8,7.617758,2,8.195111,1,0.01250001,NaN,1,1
2021-11-12,davidarvo,17,7,1.643321,2,2.231223,1,0.01000001,NaN,1,1
2021-11-12,davidarvo,17,7,2.542759,2,3.02574,0,0.01250001,NaN,1,1
2021-11-12,davidarvo,17,7,3.420371,2,4.057184,1,0.01000001,NaN,1,1
2021-11-12,davidarvo,17,7,4.302333,2,4.86318,1,0.01000001,NaN,1,1
2021-11-12,davidarvo,17,7,5.197052,2,5.761385,0,0.01250001,NaN,1,1
2021-11-12,davidarvo,17,7,6.062829,1,6.596123,1,0.01250001,NaN,1,1
2021-11-12,davidarvo,17,7,7.80738,1,8.460069,1,0.01250001,NaN,1,1
2021-11-12,davidarvo,18,7,1.6102,2,2.265987,1,0.01000001,NaN,1,1
2021-11-12,davidarvo,18,7,2.499814,1,2.910995,1,0.01000001,NaN,1,1
2021-11-12,davidarvo,18,7,3.334131,1,3.921213,1,0.01000001,NaN,1,1
2021-11-12,davidarvo,18,7,4.177464,1,4.647062,1,0.01000001,NaN,1,1
2021-11-12,davidarvo,18,7,5.020685,2,5.521176,0,0.01250001,NaN,1,1
2021-11-12,davidarvo,18,7,5.888019,1,6.354112,0,0.01250001,NaN,1,1
2021-11-12,davidarvo,18,7,6.730107,1,7.330034,1,0.01250001,NaN,1,1
2021-11-12,davidarvo,19,8,1.431826,1,1.908139,1,0.01250001,NaN,1,1
2021-11-12,davidarvo,19,8,2.275492,2,2.687629,0,0.01500001,NaN,1,1
2021-11-12,davidarvo,19,8,3.164934,2,3.864402,1,0.01250001,NaN,1,1
2021-11-12,davidarvo,19,8,4.052614,1,4.585509,1,0.01250001,NaN,1,1
2021-11-12,davidarvo,19,8,4.949935,1,5.381942,1,0.01250001,NaN,1,1
2021-11-12,davidarvo,19,8,5.791493,1,6.312988,1,0.01250001,NaN,1,1
2021-11-12,davidarvo,19,8,6.830709,2,7.389576,1,0.01000001,NaN,1,1
2021-11-12,davidarvo,19,8,7.717521,1,8.268176,1,0.01000001,NaN,1,1
2021-11-12,davidarvo,20,8,1.755298,1,2.129787,1,0.01000001,NaN,0,0
2021-11-12,davidarvo,20,8,2.587959,1,3.110269,1,0.01000001,NaN,0,0
2021-11-12,davidarvo,20,8,3.432648,1,3.887402,1,0.01000001,NaN,0,0
2021-11-12,davidarvo,20,8,4.289485,1,4.698413,1,0.01000001,NaN,0,0
2021-11-12,davidarvo,20,8,5.126372,1,5.541299,1,0.01000001,NaN,0,0
2021-11-12,davidarvo,20,8,5.964137,2,6.483331,1,0.007500007,NaN,0,0
2021-11-12,davidarvo,20,8,7.017659,2,7.502527,0,0.01000001,NaN,0,0
2021-11-12,davidarvo,20,8,7.907425,2,8.306708,0,0.01250001,NaN,0,0
2021-11-12,davidarvo,21,8,1.627173,2,2.193595,1,0.01250001,NaN,0,0
2021-11-12,davidarvo,21,8,2.512749,1,2.948653,1,0.01250001,NaN,0,0
2021-11-12,davidarvo,21,8,3.359319,2,3.940132,1,0.01250001,NaN,0,0
2021-11-12,davidarvo,21,8,4.259224,2,4.737063,1,0.01250001,NaN,0,0
2021-11-12,davidarvo,21,8,5.147384,1,5.722149,1,0.01250001,NaN,0,0
2021-11-12,davidarvo,21,8,6.001618,1,6.55819,1,0.01250001,NaN,0,0
2021-11-12,davidarvo,21,8,6.84463,2,7.290709,0,0.01250001,NaN,0,0
2021-11-12,davidarvo,21,8,7.740981,2,8.199265,1,0.01250001,NaN,0,0
2021-11-12,davidarvo,22,8,1.568825,2,2.09813,1,0.01250001,NaN,0,0
2021-11-12,davidarvo,22,8,2.463828,1,2.941515,1,0.01250001,NaN,0,0
2021-11-12,davidarvo,22,8,3.313188,2,3.918169,1,0.01250001,NaN,0,0
2021-11-12,davidarvo,22,8,4.216363,2,4.730146,1,0.01250001,NaN,0,0
2021-11-12,davidarvo,22,8,5.10648,2,5.683729,0,0.01250001,NaN,0,0
2021-11-12,davidarvo,22,8,5.996022,2,6.740135,1,0.01250001,NaN,0,0
2021-11-12,davidarvo,22,8,6.906112,1,7.357432,1,0.01250001,NaN,0,0
2021-11-12,davidarvo,22,8,7.749234,2,8.289877,1,0.01250001,NaN,0,0
2021-11-12,davidarvo,23,8,1.631218,2,2.104452,0,0.01250001,NaN,0,0
2021-11-12,davidarvo,23,8,2.518297,2,3.149276,0,0.01250001,NaN,0,0
2021-11-12,davidarvo,23,8,3.421187,1,3.930984,1,0.01250001,NaN,0,0
2021-11-12,davidarvo,23,8,4.263865,1,4.819584,1,0.01250001,NaN,0,0
2021-11-12,davidarvo,23,8,5.107548,1,5.784923,1,0.01250001,NaN,0,0
2021-11-12,davidarvo,23,8,5.951183,1,6.62995,1,0.01250001,NaN,0,0
2021-11-12,davidarvo,23,8,6.791563,2,7.428463,0,0.01250001,NaN,0,0
2021-11-12,davidarvo,23,8,7.684008,1,8.295124,1,0.01250001,NaN,0,0
2021-11-12,davidarvo,24,8,1.773244,2,2.597305,0,0.01250001,NaN,0,0
2021-11-12,davidarvo,24,8,2.663943,1,3.324345,1,0.01250001,NaN,0,0
2021-11-12,davidarvo,24,8,3.518382,2,4.005423,1,0.01250001,NaN,0,0
2021-11-12,davidarvo,24,8,4.410155,1,4.874291,1,0.01250001,NaN,0,0
2021-11-12,davidarvo,24,8,5.251645,2,5.755226,1,0.01250001,NaN,0,0
2021-11-12,davidarvo,24,8,6.318002,2,6.826159,1,0.01250001,NaN,0,0
2021-11-12,davidarvo,24,8,7.216448,1,7.750027,1,0.01250001,NaN,0,0
2021-11-12,davidarvo,24,8,8.058663,2,8.662951,1,0.01250001,NaN,0,0
2021-11-12,davidarvo,25,8,1.798352,1,2.342539,1,0.01250001,NaN,0,0
2021-11-12,davidarvo,25,8,2.642011,2,3.100296,1,0.01250001,NaN,0,0
2021-11-12,davidarvo,25,8,3.528708,2,3.991414,1,0.01250001,NaN,0,0
2021-11-12,davidarvo,25,8,4.42969,1,4.992872,1,0.01250001,NaN,0,0
2021-11-12,davidarvo,25,8,5.285606,2,5.994865,1,0.01250001,NaN,0,0
2021-11-12,davidarvo,25,8,6.36544,2,6.862115,1,0.01250001,NaN,0,0
2021-11-12,davidarvo,25,8,7.261139,1,7.72844,1,0.01250001,NaN,0,0
2021-11-12,davidarvo,25,8,8.116493,2,8.747192,1,0.01250001,NaN,0,0
2021-11-12,davidarvo,26,7,1.7337,1,2.380106,0,0.01250001,NaN,0,0
2021-11-12,davidarvo,26,7,2.572198,2,3.113671,1,0.01250001,NaN,0,0
2021-11-12,davidarvo,26,7,3.455778,2,4.064357,1,0.01250001,NaN,0,0
2021-11-12,davidarvo,26,7,4.334345,1,4.739573,1,0.01250001,NaN,0,0
2021-11-12,davidarvo,26,7,5.187125,2,5.873947,0,0.01250001,NaN,0,0
2021-11-12,davidarvo,26,7,6.079763,1,6.738433,1,0.01250001,NaN,0,0
2021-11-12,davidarvo,26,7,6.929942,2,7.385899,0,0.01250001,NaN,0,0
2021-11-12,davidarvo,27,8,1.652618,1,2.02178,1,0.01250001,NaN,0,0
2021-11-12,davidarvo,27,8,2.512331,1,2.980026,1,0.01250001,NaN,0,0
2021-11-12,davidarvo,27,8,3.351748,1,3.841099,1,0.01250001,NaN,0,0
2021-11-12,davidarvo,27,8,4.197665,2,4.651702,0,0.01250001,NaN,0,0
2021-11-12,davidarvo,27,8,5.080704,1,5.484023,1,0.01250001,NaN,0,0
2021-11-12,davidarvo,27,8,5.933489,1,6.35104,1,0.01250001,NaN,0,0
2021-11-12,davidarvo,27,8,7.14045,1,7.583639,1,0.01250001,NaN,0,0
2021-11-12,davidarvo,27,8,7.994727,1,8.472559,1,0.01250001,NaN,0,0
2021-11-12,davidarvo,28,8,1.631656,2,2.031536,0,0.01250001,NaN,0,0
2021-11-12,davidarvo,28,8,2.534306,2,2.995203,1,0.01250001,NaN,0,0
2021-11-12,davidarvo,28,8,3.430819,2,3.98395,1,0.01250001,NaN,0,0
2021-11-12,davidarvo,28,8,4.328988,1,4.841028,1,0.01250001,NaN,0,0
2021-11-12,davidarvo,28,8,5.183128,1,5.706586,1,0.01250001,NaN,0,0
2021-11-12,davidarvo,28,8,6.025761,2,6.576368,0,0.01250001,NaN,0,0
2021-11-12,davidarvo,28,8,6.92877,2,7.50839,1,0.01250001,NaN,0,0
2021-11-12,davidarvo,28,8,7.822494,2,8.355701,1,0.01250001,NaN,0,0
2021-11-12,davidarvo,29,7,1.642078,2,2.230302,1,0.01250001,NaN,0,0
2021-11-12,davidarvo,29,7,2.551734,1,2.997489,1,0.01250001,NaN,0,0
2021-11-12,davidarvo,29,7,3.404945,2,3.876517,1,0.01250001,NaN,0,0
2021-11-12,davidarvo,29,7,4.297401,2,4.779834,1,0.01250001,NaN,0,0
2021-11-12,davidarvo,29,7,5.193961,2,5.706496,1,0.01250001,NaN,0,0
2021-11-12,davidarvo,29,7,6.095007,2,6.693834,1,0.01250001,NaN,0,0
2021-11-12,davidarvo,29,7,6.99253,1,7.471221,1,0.01250001,NaN,0,0
2021-11-12,davidarvo,30,8,1.795162,1,2.264568,1,0.01250001,NaN,0,0
2021-11-12,davidarvo,30,8,2.642972,1,3.101476,1,0.01250001,NaN,0,0
2021-11-12,davidarvo,30,8,3.485651,1,3.875477,1,0.01250001,NaN,0,0
2021-11-12,davidarvo,30,8,4.319927,2,4.814642,0,0.01250001,NaN,0,0
2021-11-12,davidarvo,30,8,5.203448,2,5.743867,1,0.01250001,NaN,0,0
2021-11-12,davidarvo,30,8,6.092864,1,6.539588,1,0.01250001,NaN,0,0
2021-11-12,davidarvo,30,8,6.928136,2,7.470111,1,0.01250001,NaN,0,0
2021-11-12,davidarvo,30,8,7.828796,2,8.386984,1,0.01250001,NaN,0,0
2021-11-12,davidarvo,31,8,1.675621,2,2.174305,0,0.01250001,NaN,0,0
2021-11-12,davidarvo,31,8,2.574495,2,3.036234,1,0.01250001,NaN,0,0
2021-11-12,davidarvo,31,8,3.460361,1,4.075299,1,0.01250001,NaN,0,0
2021-11-12,davidarvo,31,8,4.296303,1,4.842777,1,0.01250001,NaN,0,0
2021-11-12,davidarvo,31,8,5.149596,2,5.724468,1,0.01250001,NaN,0,0
2021-11-12,davidarvo,31,8,6.034571,1,6.509346,1,0.01250001,NaN,0,0
2021-11-12,davidarvo,31,8,6.870314,1,7.516664,1,0.01250001,NaN,0,0
2021-11-12,davidarvo,31,8,7.712219,2,8.273487,0,0.01250001,NaN,0,0
2021-11-12,davidarvo,32,7,1.67078,2,2.222867,1,0.01250001,NaN,0,0
2021-11-12,davidarvo,32,7,2.567944,2,3.07871,1,0.01250001,NaN,0,0
2021-11-12,davidarvo,32,7,3.467006,1,4.100627,1,0.01250001,NaN,0,0
2021-11-12,davidarvo,32,7,4.313922,1,4.797534,1,0.01250001,NaN,0,0
2021-11-12,davidarvo,32,7,5.155451,2,5.641177,1,0.01250001,NaN,0,0
2021-11-12,davidarvo,32,7,6.040752,1,6.555223,0,0.01250001,NaN,0,0
2021-11-12,davidarvo,32,7,7.243935,1,7.73656,1,0.01250001,NaN,0,0
2021-11-12,davidarvo,33,8,1.748125,2,2.241391,0,0.01250001,NaN,0,0
2021-11-12,davidarvo,33,8,2.643993,1,3.163975,0,0.01250001,NaN,0,0
2021-11-12,davidarvo,33,8,3.485362,1,4.024894,1,0.01250001,NaN,0,0
2021-11-12,davidarvo,33,8,4.336403,2,4.88558,1,0.01250001,NaN,0,0
2021-11-12,davidarvo,33,8,5.313025,2,6.043643,0,0.01250001,NaN,0,0
2021-11-12,davidarvo,33,8,6.206942,1,6.827735,1,0.01250001,NaN,0,0
2021-11-12,davidarvo,33,8,7.051033,1,7.627681,1,0.01250001,NaN,0,0
2021-11-12,davidarvo,33,8,7.894164,2,8.4614,0,0.01250001,NaN,0,0
2021-11-12,davidarvo,34,8,1.840771,2,2.548937,1,0.01250001,NaN,0,0
2021-11-12,davidarvo,34,8,2.719544,2,3.385715,0,0.01250001,NaN,0,0
2021-11-12,davidarvo,34,8,3.605431,1,4.129506,1,0.01250001,NaN,0,0
2021-11-12,davidarvo,34,8,4.452234,1,4.923233,1,0.01250001,NaN,0,0
2021-11-12,davidarvo,34,8,5.291111,2,5.862388,1,0.01250001,NaN,0,0
2021-11-12,davidarvo,34,8,6.206545,1,6.804523,1,0.01250001,NaN,0,0
2021-11-12,davidarvo,34,8,7.12855,2,7.78805,0,0.01250001,NaN,0,0
2021-11-12,davidarvo,34,8,8.016757,2,8.594481,1,0.01250001,NaN,0,0
2021-11-12,davidarvo,35,7,1.381043,1,1.944397,1,0.01250001,NaN,0,0
2021-11-12,davidarvo,35,7,2.219009,1,2.820193,1,0.01250001,NaN,0,0
2021-11-12,davidarvo,35,7,3.073229,2,3.574155,1,0.01250001,NaN,0,0
2021-11-12,davidarvo,35,7,3.974316,2,4.551425,1,0.01250001,NaN,0,0
2021-11-12,davidarvo,35,7,4.862034,2,5.365833,1,0.01250001,NaN,0,0
2021-11-12,davidarvo,35,7,5.750365,1,6.261677,1,0.01250001,NaN,0,0
2021-11-12,davidarvo,35,7,6.607796,2,7.105925,1,0.01250001,NaN,0,0
2021-11-12,davidarvo,36,7,1.617759,1,2.081763,1,0.01250001,NaN,0,0
2021-11-12,davidarvo,36,7,2.453956,2,2.930303,1,0.01250001,NaN,0,0
2021-11-12,davidarvo,36,7,3.340115,1,3.930148,1,0.01250001,NaN,0,0
2021-11-12,davidarvo,36,7,4.175121,2,4.674613,1,0.01250001,NaN,0,0
2021-11-12,davidarvo,36,7,5.072314,2,5.786335,1,0.01250001,NaN,0,0
2021-11-12,davidarvo,36,7,5.958505,1,6.407139,1,0.01250001,NaN,0,0
2021-11-12,davidarvo,36,7,7.448752,1,8.006311,1,0.01250001,NaN,0,0
2021-11-12,davidarvo,37,7,1.609567,2,2.208664,1,0.01250001,NaN,0,0
2021-11-12,davidarvo,37,7,2.496351,2,3.043149,1,0.01250001,NaN,0,0
2021-11-12,davidarvo,37,7,3.392603,1,3.856585,1,0.01250001,NaN,0,0
2021-11-12,davidarvo,37,7,4.230688,2,4.729858,1,0.01250001,NaN,0,0
2021-11-12,davidarvo,37,7,5.120924,2,5.751295,1,0.01250001,NaN,0,0
2021-11-12,davidarvo,37,7,6.007005,1,6.499229,1,0.01250001,NaN,0,0
2021-11-12,davidarvo,37,7,7.484346,1,8.052238,1,0.01250001,NaN,0,0
2021-11-12,davidarvo,38,8,1.765136,1,2.197778,1,0.01250001,NaN,0,0
2021-11-12,davidarvo,38,8,2.607278,2,3.130618,1,0.01250001,NaN,0,0
2021-11-12,davidarvo,38,8,3.497162,1,3.930484,1,0.01250001,NaN,0,0
2021-11-12,davidarvo,38,8,4.340695,1,4.771387,1,0.01250001,NaN,0,0
2021-11-12,davidarvo,38,8,5.181873,2,5.683267,1,0.01250001,NaN,0,0
2021-11-12,davidarvo,38,8,6.061006,1,6.50623,1,0.01250001,NaN,0,0
2021-11-12,davidarvo,38,8,6.896001,1,7.382208,1,0.01250001,NaN,0,0
2021-11-12,davidarvo,38,8,7.95698,2,8.394665,0,0.01250001,NaN,0,0
2021-11-12,davidarvo,39,8,1.752776,2,2.228787,1,0.01250001,NaN,0,0
2021-11-12,davidarvo,39,8,2.63238,2,3.150097,1,0.01250001,NaN,0,0
2021-11-12,davidarvo,39,8,3.519536,1,4.038267,1,0.01250001,NaN,0,0
2021-11-12,davidarvo,39,8,4.350718,1,4.851377,1,0.01250001,NaN,0,0
2021-11-12,davidarvo,39,8,5.184899,2,5.796862,1,0.01250001,NaN,0,0
2021-11-12,davidarvo,39,8,6.082405,2,6.586838,1,0.01250001,NaN,0,0
2021-11-12,davidarvo,39,8,6.960695,1,7.571949,1,0.01250001,NaN,0,0
2021-11-12,davidarvo,39,8,7.919592,2,8.494501,1,0.01250001,NaN,0,0
2021-11-12,davidarvo,40,7,1.499707,2,2.020233,1,0.01250001,NaN,0,0
2021-11-12,davidarvo,40,7,2.376246,1,2.905423,1,0.01250001,NaN,0,0
2021-11-12,davidarvo,40,7,3.216179,2,3.719586,1,0.01250001,NaN,0,0
2021-11-12,davidarvo,40,7,4.120017,1,4.636125,0,0.01250001,NaN,0,0
2021-11-12,davidarvo,40,7,4.963707,1,5.486908,1,0.01250001,NaN,0,0
2021-11-12,davidarvo,40,7,5.810092,2,6.282582,1,0.01250001,NaN,0,0
2021-11-12,davidarvo,40,7,7.614804,2,8.205889,1,0.01250001,NaN,0,0
2021-11-12,davidarvo,41,8,1.536941,1,2.053209,1,0.01250001,NaN,0,0
2021-11-12,davidarvo,41,8,2.38251,2,2.860484,1,0.01250001,NaN,0,0
2021-11-12,davidarvo,41,8,3.283653,2,3.803978,1,0.01250001,NaN,0,0
2021-11-12,davidarvo,41,8,4.183102,1,4.684909,1,0.01250001,NaN,0,0
2021-11-12,davidarvo,41,8,5.018907,1,5.46179,1,0.01250001,NaN,0,0
2021-11-12,davidarvo,41,8,5.929068,2,6.417584,1,0.01250001,NaN,0,0
2021-11-12,davidarvo,41,8,6.832624,2,7.304819,1,0.01250001,NaN,0,0
2021-11-12,davidarvo,41,8,7.730805,1,8.350734,1,0.01250001,NaN,0,0
2021-11-12,davidarvo,42,8,1.38432,1,1.930499,1,0.01250001,NaN,0,0
2021-11-12,davidarvo,42,8,2.229561,2,2.772336,1,0.01250001,NaN,0,0
2021-11-12,davidarvo,42,8,3.13048,1,3.562787,1,0.01250001,NaN,0,0
2021-11-12,davidarvo,42,8,3.982878,1,4.485137,1,0.01250001,NaN,0,0
2021-11-12,davidarvo,42,8,4.828971,1,5.326769,0,0.01250001,NaN,0,0
2021-11-12,davidarvo,42,8,5.662751,2,6.196068,1,0.01250001,NaN,0,0
2021-11-12,davidarvo,42,8,6.561296,2,7.149667,1,0.01250001,NaN,0,0
2021-11-12,davidarvo,42,8,7.992389,1,8.495481,1,0.01250001,NaN,0,0
2021-11-12,davidarvo,43,7,1.487797,1,1.933962,1,0.01250001,NaN,0,0
2021-11-12,davidarvo,43,7,2.325123,2,2.868078,0,0.01250001,NaN,0,0
2021-11-12,davidarvo,43,7,3.210332,1,3.690822,1,0.01250001,NaN,0,0
2021-11-12,davidarvo,43,7,4.060236,1,4.542335,1,0.01250001,NaN,0,0
2021-11-12,davidarvo,43,7,4.906506,1,5.366348,1,0.01250001,NaN,0,0
2021-11-12,davidarvo,43,7,5.745246,2,6.297098,1,0.01250001,NaN,0,0
2021-11-12,davidarvo,43,7,7.352941,1,7.840681,1,0.01250001,NaN,0,0
2021-11-12,davidarvo,44,7,1.719695,2,2.256702,1,0.01250001,NaN,0,0
2021-11-12,davidarvo,44,7,2.610449,2,3.190989,1,0.01250001,NaN,0,0
2021-11-12,davidarvo,44,7,3.50733,1,3.966574,1,0.01250001,NaN,0,0
2021-11-12,davidarvo,44,7,4.342268,2,4.932953,1,0.01250001,NaN,0,0
2021-11-12,davidarvo,44,7,5.227283,1,5.679107,1,0.01250001,NaN,0,0
2021-11-12,davidarvo,44,7,6.063463,1,6.621506,1,0.01250001,NaN,0,0
2021-11-12,davidarvo,44,7,6.916407,1,7.419024,1,0.01250001,NaN,0,0
2021-11-12,davidarvo,45,8,1.620164,1,2.060803,1,0.01250001,NaN,0,0
2021-11-12,davidarvo,45,8,2.453948,1,2.875484,1,0.01250001,NaN,0,0
2021-11-12,davidarvo,45,8,3.293347,1,3.674421,1,0.01250001,NaN,0,0
2021-11-12,davidarvo,45,8,4.130097,1,4.588076,1,0.01250001,NaN,0,0
2021-11-12,davidarvo,45,8,4.984656,2,5.61749,1,0.01250001,NaN,0,0
2021-11-12,davidarvo,45,8,5.884807,2,6.54875,1,0.01250001,NaN,0,0
2021-11-12,davidarvo,45,8,7.150872,2,7.751461,1,0.01250001,NaN,0,0
2021-11-12,davidarvo,45,8,8.034423,1,8.695509,1,0.01250001,NaN,0,0
2021-11-12,davidarvo,46,8,1.454153,1,1.924696,1,0.01250001,NaN,0,0
2021-11-12,davidarvo,46,8,2.306316,1,2.803972,1,0.01250001,NaN,0,0
2021-11-12,davidarvo,46,8,3.163652,2,3.685262,1,0.01250001,NaN,0,0
2021-11-12,davidarvo,46,8,4.052116,1,4.564297,1,0.01250001,NaN,0,0
2021-11-12,davidarvo,46,8,4.894728,1,5.451518,1,0.01250001,NaN,0,0
2021-11-12,davidarvo,46,8,6.159256,1,6.672778,1,0.01250001,NaN,0,0
2021-11-12,davidarvo,46,8,6.993958,1,7.549087,1,0.01250001,NaN,0,0
2021-11-12,davidarvo,46,8,7.987408,2,8.607257,1,0.01250001,NaN,0,0
2021-11-12,davidarvo,47,7,1.343097,1,1.863769,1,0.01250001,NaN,0,0
2021-11-12,davidarvo,47,7,2.176868,1,2.655526,1,0.01250001,NaN,0,0
2021-11-12,davidarvo,47,7,3.034071,2,3.489661,0,0.01250001,NaN,0,0
2021-11-12,davidarvo,47,7,3.920184,1,0,0,0.01250001,NaN,0,0
2021-11-12,davidarvo,47,7,4.774758,1,5.239288,1,0.01250001,NaN,0,0
2021-11-12,davidarvo,47,7,5.619762,2,6.104487,0,0.01250001,NaN,0,0
2021-11-12,davidarvo,47,7,7.388521,1,7.916452,1,0.01250001,NaN,0,0
2021-11-12,davidarvo,48,7,1.362903,1,1.777705,1,0.01250001,NaN,0,0
2021-11-12,davidarvo,48,7,2.203133,2,2.795088,1,0.01250001,NaN,0,0
2021-11-12,davidarvo,48,7,3.095716,1,3.609425,1,0.01250001,NaN,0,0
2021-11-12,davidarvo,48,7,3.950401,2,4.418832,1,0.01250001,NaN,0,0
2021-11-12,davidarvo,48,7,4.839266,1,5.249893,1,0.01250001,NaN,0,0
2021-11-12,davidarvo,48,7,5.673024,1,6.138348,1,0.01250001,NaN,0,0
2021-11-12,davidarvo,48,7,6.505029,2,7.012197,1,0.01250001,NaN,0,0
2021-11-12,davidarvo,49,7,1.223917,2,1.775437,1,0.01250001,NaN,0,0
2021-11-12,davidarvo,49,7,2.118855,2,2.776492,1,0.01250001,NaN,0,0
2021-11-12,davidarvo,49,7,3.018725,1,3.474472,1,0.01250001,NaN,0,0
2021-11-12,davidarvo,49,7,3.8709,2,4.562323,0,0.01250001,NaN,0,0
2021-11-12,davidarvo,49,7,4.751181,2,5.471151,0,0.01250001,NaN,0,0
2021-11-12,davidarvo,49,7,5.64854,1,6.235729,1,0.01250001,NaN,0,0
2021-11-12,davidarvo,49,7,6.706552,2,7.249646,1,0.01250001,NaN,0,0
2021-11-12,davidarvo,50,7,1.819564,1,2.321541,1,0.01250001,NaN,0,0
2021-11-12,davidarvo,50,7,2.675386,1,3.118199,1,0.01250001,NaN,0,0
2021-11-12,davidarvo,50,7,3.51952,1,3.907968,1,0.01250001,NaN,0,0
2021-11-12,davidarvo,50,7,4.352366,2,4.849206,1,0.01250001,NaN,0,0
2021-11-12,davidarvo,50,7,5.236769,2,5.718937,1,0.01250001,NaN,0,0
2021-11-12,davidarvo,50,7,6.129125,2,6.569982,1,0.01250001,NaN,0,0
2021-11-12,davidarvo,50,7,7.02774,2,7.507051,1,0.01250001,NaN,0,0
2021-11-12,davidarvo,51,8,1.553644,1,2.044512,1,0.01250001,NaN,0,0
2021-11-12,davidarvo,51,8,2.400866,2,2.885298,1,0.01250001,NaN,0,0
2021-11-12,davidarvo,51,8,3.300577,2,3.774639,1,0.01250001,NaN,0,0
2021-11-12,davidarvo,51,8,4.181839,2,4.639679,1,0.01250001,NaN,0,0
2021-11-12,davidarvo,51,8,5.073619,1,5.547645,1,0.01250001,NaN,0,0
2021-11-12,davidarvo,51,8,5.930508,2,6.399065,1,0.01250001,NaN,0,0
2021-11-12,davidarvo,51,8,6.827393,1,7.289673,1,0.01250001,NaN,0,0
2021-11-12,davidarvo,51,8,7.861777,2,8.448029,1,0.01250001,NaN,0,0
2021-11-12,davidarvo,52,8,1.494926,1,1.886944,1,0.01250001,NaN,0,0
2021-11-12,davidarvo,52,8,2.351667,1,2.850474,1,0.01250001,NaN,0,0
2021-11-12,davidarvo,52,8,3.1856,1,3.663129,1,0.01250001,NaN,0,0
2021-11-12,davidarvo,52,8,4.029465,1,4.504996,1,0.01250001,NaN,0,0
2021-11-12,davidarvo,52,8,4.873329,2,5.350571,1,0.01250001,NaN,0,0
2021-11-12,davidarvo,52,8,5.773039,2,6.281029,1,0.01250001,NaN,0,0
2021-11-12,davidarvo,52,8,6.672799,1,7.183736,1,0.01250001,NaN,0,0
2021-11-12,davidarvo,52,8,7.539372,1,8.105289,0,0.01250001,NaN,0,0
2021-11-12,davidarvo,53,8,1.578577,2,2.127424,1,0.01250001,NaN,0,0
2021-11-12,davidarvo,53,8,2.471897,2,3.013583,1,0.01250001,NaN,0,0
2021-11-12,davidarvo,53,8,3.371346,1,3.800287,1,0.01250001,NaN,0,0
2021-11-12,davidarvo,53,8,4.219594,1,4.68832,1,0.01250001,NaN,0,0
2021-11-12,davidarvo,53,8,5.062001,1,5.48908,1,0.01250001,NaN,0,0
2021-11-12,davidarvo,53,8,6.101022,1,6.56146,1,0.01250001,NaN,0,0
2021-11-12,davidarvo,53,8,6.935331,2,7.492624,1,0.01250001,NaN,0,0
2021-11-12,davidarvo,53,8,7.836296,1,8.312161,1,0.01250001,NaN,0,0
2021-11-12,davidarvo,54,7,1.14513,2,1.767709,1,0.01250001,NaN,0,0
2021-11-12,davidarvo,54,7,2.038808,1,2.518869,1,0.01250001,NaN,0,0
2021-11-12,davidarvo,54,7,2.895145,1,3.397314,1,0.01250001,NaN,0,0
2021-11-12,davidarvo,54,7,3.737386,1,4.172469,1,0.01250001,NaN,0,0
2021-11-12,davidarvo,54,7,4.574705,2,5.324412,1,0.01250001,NaN,0,0
2021-11-12,davidarvo,54,7,5.457436,1,5.906081,1,0.01250001,NaN,0,0
2021-11-12,davidarvo,54,7,6.295631,2,6.794894,1,0.01250001,NaN,0,0
2021-11-12,davidarvo,55,8,1.616929,1,2.108616,1,0.01250001,NaN,0,0
2021-11-12,davidarvo,55,8,2.453024,1,3.048575,1,0.01250001,NaN,0,0
2021-11-12,davidarvo,55,8,3.305296,1,3.768203,1,0.01250001,NaN,0,0
2021-11-12,davidarvo,55,8,4.141273,1,4.55985,1,0.01250001,NaN,0,0
2021-11-12,davidarvo,55,8,4.987328,2,5.460526,0,0.01250001,NaN,0,0
2021-11-12,davidarvo,55,8,5.87384,2,6.418139,1,0.01250001,NaN,0,0
2021-11-12,davidarvo,55,8,6.774306,1,7.271249,1,0.01250001,NaN,0,0
2021-11-12,davidarvo,55,8,7.857526,2,8.450923,1,0.01250001,NaN,0,0
2021-11-12,davidarvo,56,8,1.418233,1,1.852395,1,0.01250001,NaN,0,0
2021-11-12,davidarvo,56,8,2.261868,1,2.702311,1,0.01250001,NaN,0,0
2021-11-12,davidarvo,56,8,3.106578,1,3.56333,1,0.01250001,NaN,0,0
2021-11-12,davidarvo,56,8,3.951418,1,4.385047,1,0.01250001,NaN,0,0
2021-11-12,davidarvo,56,8,4.795749,1,5.217811,1,0.01250001,NaN,0,0
2021-11-12,davidarvo,56,8,5.639848,2,6.215138,1,0.01250001,NaN,0,0
2021-11-12,davidarvo,56,8,6.817141,2,7.31628,1,0.01250001,NaN,0,0
2021-11-12,davidarvo,56,8,7.699674,2,8.426889,1,0.01250001,NaN,0,0
2021-11-12,davidarvo,57,8,1.662714,1,2.131272,1,0.01250001,NaN,0,0
2021-11-12,davidarvo,57,8,2.520011,1,3.096865,1,0.01250001,NaN,0,0
2021-11-12,davidarvo,57,8,3.362962,1,3.796385,1,0.01250001,NaN,0,0
2021-11-12,davidarvo,57,8,4.196712,1,4.602147,1,0.01250001,NaN,0,0
2021-11-12,davidarvo,57,8,5.037023,1,5.432475,1,0.01250001,NaN,0,0
2021-11-12,davidarvo,57,8,6.258484,1,7.005403,1,0.01250001,NaN,0,0
2021-11-12,davidarvo,57,8,7.298021,2,7.937654,1,0.01250001,NaN,0,0
2021-11-12,davidarvo,57,8,8.183776,2,8.760365,1,0.01250001,NaN,0,0
2021-11-12,davidarvo,58,7,1.527278,1,2.108716,1,0.01250001,NaN,0,0
2021-11-12,davidarvo,58,7,2.363999,1,2.997855,1,0.01250001,NaN,0,0
2021-11-12,davidarvo,58,7,3.213823,2,3.752339,1,0.01250001,NaN,0,0
2021-11-12,davidarvo,58,7,4.110567,2,4.607132,1,0.01250001,NaN,0,0
2021-11-12,davidarvo,58,7,5.00173,2,5.509035,1,0.01250001,NaN,0,0
2021-11-12,davidarvo,58,7,5.895677,1,6.476524,1,0.01250001,NaN,0,0
2021-11-12,davidarvo,58,7,6.751119,2,7.22698,1,0.01250001,NaN,0,0
2021-11-12,davidarvo,59,7,1.577692,2,2.1202,1,0.01250001,NaN,0,0
2021-11-12,davidarvo,59,7,2.474809,1,2.927197,1,0.01250001,NaN,0,0
2021-11-12,davidarvo,59,7,3.328635,1,3.807696,1,0.01250001,NaN,0,0
2021-11-12,davidarvo,59,7,4.163061,2,4.67484,1,0.01250001,NaN,0,0
2021-11-12,davidarvo,59,7,5.047033,2,5.583741,1,0.01250001,NaN,0,0
2021-11-12,davidarvo,59,7,5.944409,1,6.41712,1,0.01250001,NaN,0,0
2021-11-12,davidarvo,59,7,6.789858,2,7.317521,1,0.01250001,NaN,0,0
2021-11-12,davidarvo,60,7,1.554415,2,2.090175,0,0.01250001,NaN,0,0
2021-11-12,davidarvo,60,7,2.445102,2,2.978702,1,0.01250001,NaN,0,0
2021-11-12,davidarvo,60,7,3.331598,1,3.857683,0,0.01250001,NaN,0,0
2021-11-12,davidarvo,60,7,4.168413,2,4.76503,1,0.01250001,NaN,0,0
2021-11-12,davidarvo,60,7,5.078478,1,5.578807,1,0.01250001,NaN,0,0
2021-11-12,davidarvo,60,7,5.935565,1,6.608594,1,0.01250001,NaN,0,0
2021-11-12,davidarvo,60,7,7.09033,2,7.622231,1,0.01250001,NaN,0,0
2021-11-12,davidarvo,61,8,1.809222,1,2.264426,1,0.01250001,NaN,0,0
2021-11-12,davidarvo,61,8,2.650218,1,3.126066,1,0.01250001,NaN,0,0
2021-11-12,davidarvo,61,8,3.496459,1,3.930071,1,0.01250001,NaN,0,0
2021-11-12,davidarvo,61,8,4.342942,1,4.806114,1,0.01250001,NaN,0,0
2021-11-12,davidarvo,61,8,5.184979,1,5.628476,1,0.01250001,NaN,0,0
2021-11-12,davidarvo,61,8,6.029382,1,6.568505,1,0.01250001,NaN,0,0
2021-11-12,davidarvo,61,8,6.870787,1,7.361663,1,0.01250001,NaN,0,0
2021-11-12,davidarvo,61,8,7.706586,1,8.240942,1,0.01250001,NaN,0,0
2021-11-12,davidarvo,62,8,1.716216,2,2.209044,1,0.01250001,NaN,0,0
2021-11-12,davidarvo,62,8,2.60804,2,3.11861,1,0.01250001,NaN,0,0
2021-11-12,davidarvo,62,8,3.506835,2,3.975487,1,0.01250001,NaN,0,0
2021-11-12,davidarvo,62,8,4.396183,1,4.919731,0,0.01250001,NaN,0,0
2021-11-12,davidarvo,62,8,5.228542,2,5.73565,1,0.01250001,NaN,0,0
2021-11-12,davidarvo,62,8,6.118116,2,6.649381,1,0.01250001,NaN,0,0
2021-11-12,davidarvo,62,8,7.016338,2,7.522718,1,0.01250001,NaN,0,0
2021-11-12,davidarvo,62,8,7.90433,2,8.416277,1,0.01250001,NaN,0,0
2021-11-12,davidarvo,63,8,1.796214,1,2.176302,1,0.01250001,NaN,0,0
2021-11-12,davidarvo,63,8,2.642288,1,3.234444,1,0.01250001,NaN,0,0
2021-11-12,davidarvo,63,8,3.486365,1,3.977442,1,0.01250001,NaN,0,0
2021-11-12,davidarvo,63,8,4.331218,1,4.819757,1,0.01250001,NaN,0,0
2021-11-12,davidarvo,63,8,5.175067,1,5.641572,1,0.01250001,NaN,0,0
2021-11-12,davidarvo,63,8,6.019989,1,6.552564,1,0.01250001,NaN,0,0
2021-11-12,davidarvo,63,8,6.858304,1,7.353051,1,0.01250001,NaN,0,0
2021-11-12,davidarvo,63,8,7.696372,2,8.195504,0,0.01250001,NaN,0,0
2021-11-12,davidarvo,64,8,1.765459,1,2.197445,1,0.01250001,NaN,0,0
2021-11-12,davidarvo,64,8,2.608624,2,3.047844,1,0.01250001,NaN,0,0
2021-11-12,davidarvo,64,8,3.509316,1,4.052117,1,0.01250001,NaN,0,0
2021-11-12,davidarvo,64,8,4.353277,1,4.882118,1,0.01250001,NaN,0,0
2021-11-12,davidarvo,64,8,5.376049,1,5.904699,1,0.01250001,NaN,0,0
2021-11-12,davidarvo,64,8,6.408174,2,6.870957,0,0.01250001,NaN,0,0
2021-11-12,davidarvo,64,8,7.295926,2,8.006896,1,0.01250001,NaN,0,0
2021-11-12,davidarvo,64,8,8.194098,2,8.971928,1,0.01250001,NaN,0,0
2021-11-12,davidarvo,65,7,1.797852,1,2.253387,1,0.01250001,NaN,0,0
2021-11-12,davidarvo,65,7,2.631417,2,3.214242,1,0.01250001,NaN,0,0
2021-11-12,davidarvo,65,7,3.519718,2,4.04087,1,0.01250001,NaN,0,0
2021-11-12,davidarvo,65,7,4.418837,1,4.961719,1,0.01250001,NaN,0,0
2021-11-12,davidarvo,65,7,5.273076,2,5.774132,1,0.01250001,NaN,0,0
2021-11-12,davidarvo,65,7,6.150935,2,6.628997,1,0.01250001,NaN,0,0
2021-11-12,davidarvo,65,7,7.061336,2,7.550989,1,0.01250001,NaN,0,0
2021-11-12,davidarvo,66,7,1.410655,1,1.870766,1,0.01250001,NaN,0,0
2021-11-12,davidarvo,66,7,2.25114,2,2.790096,1,0.01250001,NaN,0,0
2021-11-12,davidarvo,66,7,3.142049,1,3.627521,1,0.01250001,NaN,0,0
2021-11-12,davidarvo,66,7,4.034227,2,4.518883,1,0.01250001,NaN,0,0
2021-11-12,davidarvo,66,7,4.920647,1,5.664301,0,0.01250001,NaN,0,0
2021-11-12,davidarvo,66,7,5.75386,2,6.319145,1,0.01250001,NaN,0,0
2021-11-12,davidarvo,66,7,8.129625,2,8.684293,1,0.01250001,NaN,0,0
2021-11-12,davidarvo,67,8,1.769833,1,2.253416,1,0.01250001,NaN,0,0
2021-11-12,davidarvo,67,8,2.620708,1,3.128085,1,0.01250001,NaN,0,0
2021-11-12,davidarvo,67,8,3.475685,1,3.942618,1,0.01250001,NaN,0,0
2021-11-12,davidarvo,67,8,4.330116,1,4.914227,1,0.01250001,NaN,0,0
2021-11-12,davidarvo,67,8,5.188713,1,5.741399,1,0.01250001,NaN,0,0
2021-11-12,davidarvo,67,8,6.040815,2,6.669168,1,0.01250001,NaN,0,0
2021-11-12,davidarvo,67,8,7.073874,2,7.762472,1,0.01250001,NaN,0,0
2021-11-12,davidarvo,67,8,7.96134,2,8.557028,0,0.01250001,NaN,0,0
2021-11-12,davidarvo,68,7,1.409516,2,1.95975,1,0.01250001,NaN,0,0
2021-11-12,davidarvo,68,7,2.311838,1,2.773058,1,0.01250001,NaN,0,0
2021-11-12,davidarvo,68,7,3.154583,1,3.823459,1,0.01250001,NaN,0,0
2021-11-12,davidarvo,68,7,3.987087,2,4.659017,0,0.01250001,NaN,0,0
2021-11-12,davidarvo,68,7,4.87382,1,5.598397,1,0.01250001,NaN,0,0
2021-11-12,davidarvo,68,7,5.731404,2,6.219539,1,0.01250001,NaN,0,0
2021-11-12,davidarvo,68,7,6.626195,1,7.20771,1,0.01250001,NaN,0,0
2021-11-12,davidarvo,69,7,1.542507,1,2.059249,1,0.01250001,NaN,0,0
2021-11-12,davidarvo,69,7,2.401578,1,2.817978,1,0.01250001,NaN,0,0
2021-11-12,davidarvo,69,7,3.241138,1,3.64363,1,0.01250001,NaN,0,0
2021-11-12,davidarvo,69,7,4.0813,1,4.517623,1,0.01250001,NaN,0,0
2021-11-12,davidarvo,69,7,4.917996,1,5.329359,1,0.01250001,NaN,0,0
2021-11-12,davidarvo,69,7,5.761519,1,6.128625,1,0.01250001,NaN,0,0
2021-11-12,davidarvo,69,7,7.550057,2,8.168662,1,0.01250001,NaN,0,0
2021-11-12,davidarvo,70,8,1.676235,1,2.09421,1,0.01250001,NaN,0,0
2021-11-12,davidarvo,70,8,2.518013,2,3.053482,1,0.01250001,NaN,0,0
2021-11-12,davidarvo,70,8,3.409149,1,3.852058,1,0.01250001,NaN,0,0
2021-11-12,davidarvo,70,8,4.247758,1,4.719648,1,0.01250001,NaN,0,0
2021-11-12,davidarvo,70,8,5.085367,1,5.521341,1,0.01250001,NaN,0,0
2021-11-12,davidarvo,70,8,5.919372,1,6.338079,1,0.01250001,NaN,0,0
2021-11-12,davidarvo,70,8,7.208068,1,7.724985,1,0.01250001,NaN,0,0
2021-11-12,davidarvo,70,8,8.049684,1,8.583793,1,0.01250001,NaN,0,0
2021-11-12,davidarvo,71,8,1.635171,1,2.101574,1,0.01250001,NaN,0,0
2021-11-12,davidarvo,71,8,2.481728,2,3.009325,1,0.01250001,NaN,0,0
2021-11-12,davidarvo,71,8,3.3645,2,3.91912,1,0.01250001,NaN,0,0
2021-11-12,davidarvo,71,8,4.242297,1,4.692008,1,0.01250001,NaN,0,0
2021-11-12,davidarvo,71,8,5.086188,2,5.608456,1,0.01250001,NaN,0,0
2021-11-12,davidarvo,71,8,5.973833,1,6.403184,1,0.01250001,NaN,0,0
2021-11-12,davidarvo,71,8,6.986948,1,7.518554,1,0.01250001,NaN,0,0
2021-11-12,davidarvo,71,8,7.972434,2,8.494406,0,0.01250001,NaN,0,0
2021-11-12,davidarvo,72,8,1.758627,2,2.36446,1,0.01250001,NaN,0,0
2021-11-12,davidarvo,72,8,2.652586,2,3.297281,1,0.01250001,NaN,0,0
2021-11-12,davidarvo,72,8,3.53542,1,4.029438,1,0.01250001,NaN,0,0
2021-11-12,davidarvo,72,8,4.373302,1,4.873968,1,0.01250001,NaN,0,0
2021-11-12,davidarvo,72,8,5.206802,1,5.757401,1,0.01250001,NaN,0,0
2021-11-12,davidarvo,72,8,6.060658,1,6.482921,1,0.01250001,NaN,0,0
2021-11-12,davidarvo,72,8,6.89486,1,7.394836,1,0.01250001,NaN,0,0
2021-11-12,davidarvo,72,8,7.734601,1,8.182203,1,0.01250001,NaN,0,0
2021-11-12,davidarvo,73,8,1.800611,1,2.265891,1,0.01250001,NaN,0,0
2021-11-12,davidarvo,73,8,2.654157,1,3.050975,1,0.01250001,NaN,0,0
2021-11-12,davidarvo,73,8,3.518847,2,4.086274,1,0.01250001,NaN,0,0
2021-11-12,davidarvo,73,8,4.397373,2,4.963929,0,0.01250001,NaN,0,0
2021-11-12,davidarvo,73,8,5.297957,2,5.841336,0,0.01250001,NaN,0,0
2021-11-12,davidarvo,73,8,6.201134,2,6.716325,1,0.01250001,NaN,0,0
2021-11-12,davidarvo,73,8,7.411069,2,7.917849,1,0.01250001,NaN,0,0
2021-11-12,davidarvo,73,8,8.303815,2,8.820336,0,0.01250001,NaN,0,0
2021-11-12,davidarvo,74,8,1.79644,2,2.37529,1,0.01250001,NaN,0,0
2021-11-12,davidarvo,74,8,2.683843,1,3.141628,1,0.01250001,NaN,0,0
2021-11-12,davidarvo,74,8,3.529719,1,3.930449,1,0.01250001,NaN,0,0
2021-11-12,davidarvo,74,8,4.36346,1,4.791634,1,0.01250001,NaN,0,0
2021-11-12,davidarvo,74,8,5.206579,1,5.629622,1,0.01250001,NaN,0,0
2021-11-12,davidarvo,74,8,6.36198,1,6.879682,1,0.01250001,NaN,0,0
2021-11-12,davidarvo,74,8,7.316639,1,7.639735,1,0.01250001,NaN,0,0
2021-11-12,davidarvo,74,8,8.16411,2,8.75746,1,0.01250001,NaN,0,0
2021-11-12,davidarvo,75,7,1.16476,2,1.714425,1,0.01250001,NaN,0,0
2021-11-12,davidarvo,75,7,2.074453,2,2.541997,1,0.01250001,NaN,0,0
2021-11-12,davidarvo,75,7,2.953125,1,3.462892,1,0.01250001,NaN,0,0
2021-11-12,davidarvo,75,7,3.792392,2,4.308523,1,0.01250001,NaN,0,0
2021-11-12,davidarvo,75,7,4.696365,2,5.207441,1,0.01250001,NaN,0,0
2021-11-12,davidarvo,75,7,5.592235,1,6.014577,1,0.01250001,NaN,0,0
2021-11-12,davidarvo,75,7,6.428663,2,7.107272,0,0.01250001,NaN,0,0
2021-11-12,davidarvo,76,8,1.688201,1,2.263475,1,0.01250001,NaN,0,0
2021-11-12,davidarvo,76,8,2.540723,2,3.051642,1,0.01250001,NaN,0,0
2021-11-12,davidarvo,76,8,3.435432,2,3.963615,1,0.01250001,NaN,0,0
2021-11-12,davidarvo,76,8,4.317941,1,4.783936,1,0.01250001,NaN,0,0
2021-11-12,davidarvo,76,8,5.162383,2,5.645681,1,0.01250001,NaN,0,0
2021-11-12,davidarvo,76,8,6.0597,2,6.54984,1,0.01250001,NaN,0,0
2021-11-12,davidarvo,76,8,6.950287,2,7.472346,1,0.01250001,NaN,0,0
2021-11-12,davidarvo,76,8,8.103827,2,8.672766,1,0.01250001,NaN,0,0
2021-11-12,davidarvo,77,7,1.552011,2,2.086139,0,0.01250001,NaN,0,0
2021-11-12,davidarvo,77,7,2.452373,1,3.036769,1,0.01250001,2.219459,0,0
2021-11-12,davidarvo,77,7,3.293632,2,3.874676,1,0.01250001,2.219459,0,0
2021-11-12,davidarvo,77,7,4.19415,2,4.650702,1,0.01250001,2.219459,0,0
2021-11-12,davidarvo,77,7,5.089541,1,5.628622,1,0.01250001,2.219459,0,0
2021-11-12,davidarvo,77,7,5.92867,1,6.495904,1,0.01250001,2.219459,0,0
2021-11-12,davidarvo,77,7,6.844489,1,7.431435,0,0.01250001,2.219459,0,0
2021-11-12,davidarvo,78,8,1.492614,1,1.996869,1,0.01250001,NaN,0,0
2021-11-12,davidarvo,78,8,2.331548,2,2.841789,1,0.01250001,NaN,0,0
2021-11-12,davidarvo,78,8,3.207475,1,3.670393,1,0.01250001,NaN,0,0
2021-11-12,davidarvo,78,8,4.040947,1,4.507072,1,0.01250001,NaN,0,0
2021-11-12,davidarvo,78,8,4.884193,1,5.305196,1,0.01250001,NaN,0,0
2021-11-12,davidarvo,78,8,5.726749,2,6.179902,0,0.01250001,NaN,0,0
2021-11-12,davidarvo,78,8,7.090099,1,7.586589,1,0.01250001,NaN,0,0
2021-11-12,davidarvo,78,8,7.927772,1,8.411638,1,0.01250001,NaN,0,0
2021-11-12,davidarvo,79,8,1.704352,2,2.263824,1,0.01250001,NaN,0,0
2021-11-12,davidarvo,79,8,2.58264,2,3.109365,1,0.01250001,NaN,0,0
2021-11-12,davidarvo,79,8,3.472138,2,4.053338,0,0.01250001,NaN,0,0
2021-11-12,davidarvo,79,8,4.368069,1,4.87382,1,0.01250001,NaN,0,0
2021-11-12,davidarvo,79,8,5.206607,1,5.727896,1,0.01250001,NaN,0,0
2021-11-12,davidarvo,79,8,6.050747,1,6.533862,1,0.01250001,NaN,0,0
2021-11-12,davidarvo,79,8,6.884574,2,7.296596,0,0.01250001,NaN,0,0
2021-11-12,davidarvo,79,8,8.040473,2,8.58308,0,0.01250001,NaN,0,0
2021-11-12,davidarvo,80,8,1.747745,2,2.300742,1,0.01250001,NaN,0,0
2021-11-12,davidarvo,80,8,2.661219,1,3.157223,1,0.01250001,NaN,0,0
2021-11-12,davidarvo,80,8,3.506256,1,3.999654,1,0.01250001,NaN,0,0
2021-11-12,davidarvo,80,8,4.344574,2,4.92233,1,0.01250001,NaN,0,0
2021-11-12,davidarvo,80,8,5.233276,2,5.777209,1,0.01250001,NaN,0,0
2021-11-12,davidarvo,80,8,6.133651,1,6.591628,1,0.01250001,NaN,0,0
2021-11-12,davidarvo,80,8,6.976957,2,7.44338,1,0.01250001,NaN,0,0
2021-11-12,davidarvo,80,8,7.876494,1,8.461901,1,0.01250001,NaN,0,0
2021-11-12,davidarvo,81,8,1.726999,2,2.214349,0,0.01250001,NaN,0,0
2021-11-12,davidarvo,81,8,2.619894,2,3.102842,1,0.01250001,NaN,0,0
2021-11-12,davidarvo,81,8,3.502093,2,3.957971,0,0.01250001,NaN,0,0
2021-11-12,davidarvo,81,8,4.40268,1,4.953869,0,0.01250001,NaN,0,0
2021-11-12,davidarvo,81,8,5.241095,1,5.822302,1,0.01250001,NaN,0,0
2021-11-12,davidarvo,81,8,6.087749,2,6.672535,0,0.01250001,NaN,0,0
2021-11-12,davidarvo,81,8,6.980717,1,7.44116,1,0.01250001,NaN,0,0
2021-11-12,davidarvo,81,8,7.830695,2,0,0,0.01250001,NaN,0,0
2021-11-12,davidarvo,82,8,1.634596,1,2.150988,1,0.01250001,NaN,0,0
2021-11-12,davidarvo,82,8,2.474165,2,3.042761,1,0.01250001,NaN,0,0
2021-11-12,davidarvo,82,8,3.377764,2,4.093578,1,0.01250001,NaN,0,0
2021-11-12,davidarvo,82,8,4.263462,1,4.731937,1,0.01250001,NaN,0,0
2021-11-12,davidarvo,82,8,5.099508,2,5.720509,1,0.01250001,NaN,0,0
2021-11-12,davidarvo,82,8,5.997873,2,6.614363,1,0.01250001,NaN,0,0
2021-11-12,davidarvo,82,8,6.895404,2,7.420041,1,0.01250001,NaN,0,0
2021-11-12,davidarvo,82,8,7.775033,2,8.289084,0,0.01250001,NaN,0,0
2021-11-12,davidarvo,83,8,1.667425,1,2.133057,1,0.01250001,NaN,0,0
2021-11-12,davidarvo,83,8,2.519274,1,3.107813,1,0.01250001,NaN,0,0
2021-11-12,davidarvo,83,8,3.379259,1,3.868309,1,0.01250001,NaN,0,0
2021-11-12,davidarvo,83,8,4.219238,2,4.754328,1,0.01250001,NaN,0,0
2021-11-12,davidarvo,83,8,5.102918,2,5.626158,0,0.01250001,NaN,0,0
2021-11-12,davidarvo,83,8,5.982339,1,6.497778,1,0.01250001,NaN,0,0
2021-11-12,davidarvo,83,8,6.819067,2,7.328104,0,0.01250001,NaN,0,0
2021-11-12,davidarvo,83,8,8.117257,1,8.674493,1,0.01250001,NaN,0,0
2021-11-12,davidarvo,84,7,1.733565,2,2.327765,1,0.01250001,NaN,0,0
2021-11-12,davidarvo,84,7,2.630341,1,3.063538,1,0.01250001,NaN,0,0
2021-11-12,davidarvo,84,7,3.466606,1,3.963312,1,0.01250001,NaN,0,0
2021-11-12,davidarvo,84,7,4.306747,1,4.758172,1,0.01250001,NaN,0,0
2021-11-12,davidarvo,84,7,5.141515,2,5.650638,0,0.01250001,NaN,0,0
2021-11-12,davidarvo,84,7,6.028605,1,6.440748,1,0.01250001,NaN,0,0
2021-11-12,davidarvo,84,7,8.195017,2,8.783527,1,0.01250001,NaN,0,0
2021-11-12,davidarvo,85,8,1.803671,2,2.231117,0,0.01250001,NaN,0,0
2021-11-12,davidarvo,85,8,2.696832,2,3.231765,1,0.01250001,NaN,0,0
2021-11-12,davidarvo,85,8,3.575213,1,4.325012,1,0.01250001,NaN,0,0
2021-11-12,davidarvo,85,8,4.413785,1,4.952537,1,0.01250001,NaN,0,0
2021-11-12,davidarvo,85,8,5.251478,1,5.630631,1,0.01250001,NaN,0,0
2021-11-12,davidarvo,85,8,6.10702,1,6.532359,1,0.01250001,NaN,0,0
2021-11-12,davidarvo,85,8,6.945672,2,7.477197,1,0.01250001,NaN,0,0
2021-11-12,davidarvo,85,8,7.839275,2,8.494757,1,0.01250001,NaN,0,0
2021-11-12,davidarvo,86,8,1.731579,1,2.197169,1,0.01250001,NaN,0,0
2021-11-12,davidarvo,86,8,2.568571,2,3.094642,1,0.01250001,NaN,0,0
2021-11-12,davidarvo,86,8,3.452724,2,3.954624,1,0.01250001,NaN,0,0
2021-11-12,davidarvo,86,8,4.352835,1,5.084299,1,0.01250001,NaN,0,0
2021-11-12,davidarvo,86,8,5.209706,2,5.761895,1,0.01250001,NaN,0,0
2021-11-12,davidarvo,86,8,6.195368,1,6.583268,1,0.01250001,NaN,0,0
2021-11-12,davidarvo,86,8,7.167246,2,7.658308,1,0.01250001,NaN,0,0
2021-11-12,davidarvo,86,8,8.071523,2,8.705331,0,0.01250001,NaN,0,0
2021-11-12,davidarvo,87,8,1.808488,1,2.330417,1,0.01250001,NaN,0,0
2021-11-12,davidarvo,87,8,2.641843,1,3.129854,1,0.01250001,NaN,0,0
2021-11-12,davidarvo,87,8,3.497115,2,3.995852,1,0.01250001,NaN,0,0
2021-11-12,davidarvo,87,8,4.385509,2,4.881529,1,0.01250001,NaN,0,0
2021-11-12,davidarvo,87,8,5.284819,1,5.753016,1,0.01250001,NaN,0,0
2021-11-12,davidarvo,87,8,6.139801,1,6.638533,1,0.01250001,NaN,0,0
2021-11-12,davidarvo,87,8,6.973738,1,7.446285,1,0.01250001,NaN,0,0
2021-11-12,davidarvo,87,8,7.816982,2,8.317643,0,0.01250001,NaN,0,0
2021-11-12,davidarvo,88,7,1.476497,2,2.042487,1,0.01250001,NaN,0,0
2021-11-12,davidarvo,88,7,2.375299,1,2.860265,1,0.01250001,NaN,0,0
2021-11-12,davidarvo,88,7,3.228006,2,3.796216,1,0.01250001,NaN,0,0
2021-11-12,davidarvo,88,7,4.118567,1,4.596064,1,0.01250001,NaN,0,0
2021-11-12,davidarvo,88,7,4.974057,1,5.57933,1,0.01250001,NaN,0,0
2021-11-12,davidarvo,88,7,5.813148,1,6.362254,1,0.01250001,NaN,0,0
2021-11-12,davidarvo,88,7,7.062257,2,7.730618,0,0.01250001,NaN,0,0
2021-11-12,davidarvo,89,8,1.776179,1,2.263582,1,0.01250001,NaN,0,0
2021-11-12,davidarvo,89,8,2.609268,2,3.130697,1,0.01250001,NaN,0,0
2021-11-12,davidarvo,89,8,3.4975,1,4.029234,1,0.01250001,NaN,0,0
2021-11-12,davidarvo,89,8,4.332137,1,4.841053,1,0.01250001,NaN,0,0
2021-11-12,davidarvo,89,8,5.174386,2,5.756567,1,0.01250001,NaN,0,0
2021-11-12,davidarvo,89,8,6.068975,2,6.584398,0,0.01250001,NaN,0,0
2021-11-12,davidarvo,89,8,6.950912,2,7.494909,0,0.01250001,NaN,0,0
2021-11-12,davidarvo,89,8,7.838864,1,8.367431,1,0.01250001,NaN,0,0
2021-11-12,davidarvo,90,8,1.776158,2,2.385921,1,0.01250001,NaN,0,0
2021-11-12,davidarvo,90,8,2.675866,2,3.197852,0,0.01250001,NaN,0,0
2021-11-12,davidarvo,90,8,3.564132,2,4.075414,1,0.01250001,NaN,0,0
2021-11-12,davidarvo,90,8,4.447182,2,4.98615,1,0.01250001,NaN,0,0
2021-11-12,davidarvo,90,8,5.340184,2,5.952289,1,0.01250001,NaN,0,0
2021-11-12,davidarvo,90,8,6.239277,1,6.727922,1,0.01250001,NaN,0,0
2021-11-12,davidarvo,90,8,7.078663,2,7.627929,1,0.01250001,NaN,0,0
2021-11-12,davidarvo,90,8,7.983042,2,8.506766,1,0.01250001,NaN,0,0
2021-11-12,davidarvo,91,8,1.831652,1,2.389675,1,0.01250001,NaN,0,0
2021-11-12,davidarvo,91,8,2.675347,1,3.242215,1,0.01250001,NaN,0,0
2021-11-12,davidarvo,91,8,3.513758,1,3.973351,1,0.01250001,NaN,0,0
2021-11-12,davidarvo,91,8,4.352705,2,4.750245,0,0.01250001,NaN,0,0
2021-11-12,davidarvo,91,8,5.253767,1,5.846979,1,0.01250001,NaN,0,0
2021-11-12,davidarvo,91,8,6.116462,1,6.605546,1,0.01250001,NaN,0,0
2021-11-12,davidarvo,91,8,6.961396,1,7.572536,1,0.01250001,NaN,0,0
2021-11-12,davidarvo,91,8,7.806288,1,8.523496,1,0.01250001,NaN,0,0
2021-11-12,davidarvo,92,8,1.56363,1,0,0,0.01250001,NaN,0,0
2021-11-12,davidarvo,92,8,2.419712,2,0,0,0.01250001,NaN,0,0
2021-11-12,davidarvo,92,8,3.260827,2,3.829619,1,0.01250001,NaN,0,0
2021-11-12,davidarvo,92,8,4.162586,1,4.65209,1,0.01250001,NaN,0,0
2021-11-12,davidarvo,92,8,5.072603,2,5.662225,1,0.01250001,NaN,0,0
2021-11-12,davidarvo,92,8,6.227669,2,6.742488,0,0.01250001,NaN,0,0
2021-11-12,davidarvo,92,8,7.29563,2,7.938254,1,0.01250001,NaN,0,0
2021-11-12,davidarvo,92,8,8.177017,1,8.690369,1,0.01250001,NaN,0,0
2021-11-12,davidarvo,93,8,1.642258,1,2.108875,1,0.01250001,NaN,0,0
2021-11-12,davidarvo,93,8,2.476083,2,3.269822,0,0.01250001,NaN,0,0
2021-11-12,davidarvo,93,8,3.360449,1,3.962866,1,0.01250001,NaN,0,0
2021-11-12,davidarvo,93,8,4.218646,1,4.663648,1,0.01250001,NaN,0,0
2021-11-12,davidarvo,93,8,5.06201,1,5.524961,1,0.01250001,NaN,0,0
2021-11-12,davidarvo,93,8,5.902359,2,6.374046,0,0.01250001,NaN,0,0
2021-11-12,davidarvo,93,8,6.784832,2,7.286988,1,0.01250001,NaN,0,0
2021-11-12,davidarvo,93,8,7.684561,2,8.257237,1,0.01250001,NaN,0,0
2021-11-12,davidarvo,94,8,1.474893,1,1.907315,1,0.01250001,NaN,0,0
2021-11-12,davidarvo,94,8,2.326939,1,2.819762,1,0.01250001,NaN,0,0
2021-11-12,davidarvo,94,8,3.163211,2,3.651227,0,0.01250001,NaN,0,0
2021-11-12,davidarvo,94,8,4.040998,1,4.513437,1,0.01250001,NaN,0,0
2021-11-12,davidarvo,94,8,4.882354,1,5.351181,1,0.01250001,NaN,0,0
2021-11-12,davidarvo,94,8,5.717625,1,6.184869,1,0.01250001,NaN,0,0
2021-11-12,davidarvo,94,8,6.579406,1,6.990638,1,0.01250001,NaN,0,0
2021-11-12,davidarvo,94,8,7.417674,2,7.884637,0,0.01250001,NaN,0,0
2021-11-12,davidarvo,95,8,1.809335,2,2.301068,0,0.01250001,NaN,0,0
2021-11-12,davidarvo,95,8,2.696417,2,3.173183,1,0.01250001,NaN,0,0
2021-11-12,davidarvo,95,8,3.590499,2,4.084917,0,0.01250001,NaN,0,0
2021-11-12,davidarvo,95,8,4.485038,2,5.161814,0,0.01250001,NaN,0,0
2021-11-12,davidarvo,95,8,5.363245,2,5.890437,0,0.01250001,NaN,0,0
2021-11-12,davidarvo,95,8,6.259341,2,6.784493,0,0.01250001,NaN,0,0
2021-11-12,davidarvo,95,8,7.13747,1,7.671734,1,0.01250001,NaN,0,0
2021-11-12,davidarvo,95,8,7.971964,2,8.58889,0,0.01250001,NaN,0,0
2021-11-12,davidarvo,96,7,1.504,1,2.057636,1,0.01250001,NaN,0,0
2021-11-12,davidarvo,96,7,2.347154,1,2.809176,1,0.01250001,NaN,0,0
2021-11-12,davidarvo,96,7,3.205788,2,3.690391,1,0.01250001,NaN,0,0
2021-11-12,davidarvo,96,7,4.091031,2,4.546235,0,0.01250001,NaN,0,0
2021-11-12,davidarvo,96,7,4.988422,1,5.536864,1,0.01250001,NaN,0,0
2021-11-12,davidarvo,96,7,5.823301,1,6.479828,0,0.01250001,NaN,0,0
2021-11-12,davidarvo,96,7,6.661703,1,7.222546,1,0.01250001,NaN,0,0
2021-11-12,davidarvo,97,7,1.099839,1,1.613865,1,0.01250001,NaN,0,0
2021-11-12,davidarvo,97,7,1.935696,1,2.617561,1,0.01250001,NaN,0,0
2021-11-12,davidarvo,97,7,2.77317,1,3.246181,1,0.01250001,NaN,0,0
2021-11-12,davidarvo,97,7,3.611962,2,4.168424,1,0.01250001,NaN,0,0
2021-11-12,davidarvo,97,7,4.51153,1,4.96729,1,0.01250001,NaN,0,0
2021-11-12,davidarvo,97,7,5.413408,2,5.873827,1,0.01250001,NaN,0,0
2021-11-12,davidarvo,97,7,8.155046,1,8.685014,1,0.01250001,NaN,0,0
2021-11-12,davidarvo,98,8,1.700936,1,2.131381,1,0.01250001,NaN,0,0
2021-11-12,davidarvo,98,8,2.54553,2,3.061895,1,0.01250001,NaN,0,0
2021-11-12,davidarvo,98,8,3.43113,1,3.842043,1,0.01250001,NaN,0,0
2021-11-12,davidarvo,98,8,4.274689,1,4.719038,1,0.01250001,NaN,0,0
2021-11-12,davidarvo,98,8,5.127933,1,5.551943,1,0.01250001,NaN,0,0
2021-11-12,davidarvo,98,8,5.961003,1,6.376857,1,0.01250001,NaN,0,0
2021-11-12,davidarvo,98,8,6.794993,1,7.211791,1,0.01250001,NaN,0,0
2021-11-12,davidarvo,98,8,7.645702,2,8.086069,0,0.01250001,NaN,0,0
2021-11-12,davidarvo,99,7,1.636948,1,2.12025,1,0.01250001,NaN,0,0
2021-11-12,davidarvo,99,7,2.475194,1,2.908535,1,0.01250001,NaN,0,0
2021-11-12,davidarvo,99,7,3.31955,1,3.741144,1,0.01250001,NaN,0,0
2021-11-12,davidarvo,99,7,4.163955,1,4.537769,1,0.01250001,NaN,0,0
2021-11-12,davidarvo,99,7,5.007691,2,5.330245,0,0.01250001,NaN,0,0
2021-11-12,davidarvo,99,7,5.907396,1,6.238682,1,0.01250001,NaN,0,0
2021-11-12,davidarvo,99,7,6.765871,2,7.094965,0,0.01250001,NaN,0,0
2021-11-12,davidarvo,100,8,1.798399,1,2.286476,1,0.01250001,NaN,0,0
2021-11-12,davidarvo,100,8,2.631252,1,3.119288,1,0.01250001,NaN,0,0
2021-11-12,davidarvo,100,8,3.475471,1,4.18543,0,0.01250001,NaN,0,0
2021-11-12,davidarvo,100,8,4.308328,1,4.870826,1,0.01250001,NaN,0,0
2021-11-12,davidarvo,100,8,5.152194,2,5.696238,1,0.01250001,NaN,0,0
2021-11-12,davidarvo,100,8,6.096523,2,6.666323,1,0.01250001,NaN,0,0
2021-11-12,davidarvo,100,8,7.217107,1,7.76208,1,0.01250001,NaN,0,0
2021-11-12,davidarvo,100,8,8.162333,1,8.72761,1,0.01250001,NaN,0,0
2021-11-12,davidarvo,101,7,1.298404,2,1.897057,0,0.01250001,NaN,0,0
2021-11-12,davidarvo,101,7,2.186248,1,2.675762,1,0.01250001,NaN,0,0
2021-11-12,davidarvo,101,7,3.029837,2,3.531883,0,0.01250001,NaN,0,0
2021-11-12,davidarvo,101,7,3.916153,2,4.456529,1,0.01250001,NaN,0,0
2021-11-12,davidarvo,101,7,4.807724,2,5.574645,0,0.01250001,NaN,0,0
2021-11-12,davidarvo,101,7,5.701501,1,6.250074,1,0.01250001,NaN,0,0
2021-11-12,davidarvo,101,7,6.690045,1,7.107112,1,0.01250001,NaN,0,0
2021-11-12,davidarvo,102,7,1.687721,1,2.119375,1,0.01250001,NaN,0,0
2021-11-12,davidarvo,102,7,2.542717,1,2.962815,1,0.01250001,NaN,0,0
2021-11-12,davidarvo,102,7,3.386095,2,3.782107,0,0.01250001,NaN,0,0
2021-11-12,davidarvo,102,7,4.281042,1,4.941452,1,0.01250001,NaN,0,0
2021-11-12,davidarvo,102,7,5.119018,1,5.59656,1,0.01250001,NaN,0,0
2021-11-12,davidarvo,102,7,5.95826,1,6.395121,1,0.01250001,NaN,0,0
2021-11-12,davidarvo,102,7,6.796306,2,7.403689,1,0.01250001,NaN,0,0
2021-11-12,davidarvo,103,7,1.486368,2,2.079021,0,0.01250001,NaN,0,0
2021-11-12,davidarvo,103,7,2.389702,2,2.9757,1,0.01250001,2.234258,0,0
2021-11-12,davidarvo,103,7,3.288415,2,3.814967,1,0.01250001,2.234258,0,0
2021-11-12,davidarvo,103,7,4.208936,2,4.707939,1,0.01250001,2.234258,0,0
2021-11-12,davidarvo,103,7,5.116942,2,5.62992,1,0.01250001,2.234258,0,0
2021-11-12,davidarvo,103,7,6.015236,2,6.518557,1,0.01250001,2.234258,0,0
2021-11-12,davidarvo,103,7,7.579462,2,8.182824,1,0.01250001,2.234258,0,0
2021-11-12,davidarvo,104,8,1.714312,2,2.312835,1,0.01250001,NaN,0,0
2021-11-12,davidarvo,104,8,2.611941,1,3.090155,1,0.01250001,NaN,0,0
2021-11-12,davidarvo,104,8,3.447644,2,4.068425,0,0.01250001,NaN,0,0
2021-11-12,davidarvo,104,8,4.333896,1,4.811339,1,0.01250001,NaN,0,0
2021-11-12,davidarvo,104,8,5.186235,2,5.757053,1,0.01250001,NaN,0,0
2021-11-12,davidarvo,104,8,6.067824,2,6.599701,0,0.01250001,NaN,0,0
2021-11-12,davidarvo,104,8,6.965834,2,7.523762,1,0.01250001,NaN,0,0
2021-11-12,davidarvo,104,8,8.198833,1,8.756752,0,0.01250001,NaN,0,0
2021-11-12,davidarvo,105,8,1.415175,2,2.031301,1,0.01250001,NaN,0,0
2021-11-12,davidarvo,105,8,2.319088,1,2.906519,1,0.01250001,NaN,0,0
2021-11-12,davidarvo,105,8,3.162214,2,3.708314,0,0.01250001,NaN,0,0
2021-11-12,davidarvo,105,8,4.040953,2,4.56304,1,0.01250001,NaN,0,0
2021-11-12,davidarvo,105,8,4.94066,2,5.572365,0,0.01250001,NaN,0,0
2021-11-12,davidarvo,105,8,5.839314,1,6.417053,1,0.01250001,NaN,0,0
2021-11-12,davidarvo,105,8,6.672227,2,7.282989,1,0.01250001,NaN,0,0
2021-11-12,davidarvo,105,8,7.572198,1,8.127407,0,0.01250001,NaN,0,0
2021-11-12,davidarvo,106,7,1.360873,2,1.98438,1,0.01250001,NaN,0,0
2021-11-12,davidarvo,106,7,2.239957,1,2.783438,1,0.01250001,NaN,0,0
2021-11-12,davidarvo,106,7,3.083627,1,3.561571,1,0.01250001,NaN,0,0
2021-11-12,davidarvo,106,7,3.917529,1,4.613352,0,0.01250001,NaN,0,0
2021-11-12,davidarvo,106,7,4.760532,2,5.341117,1,0.01250001,NaN,0,0
2021-11-12,davidarvo,106,7,5.652373,1,6.249298,1,0.01250001,NaN,0,0
2021-11-12,davidarvo,106,7,7.938456,2,0,0,0.01250001,NaN,0,0
2021-11-12,davidarvo,107,8,1.786906,2,2.375672,1,0.01250001,NaN,0,0
2021-11-12,davidarvo,107,8,2.674769,2,3.329926,1,0.01250001,NaN,0,0
2021-11-12,davidarvo,107,8,3.574812,1,4.157262,1,0.01250001,NaN,0,0
2021-11-12,davidarvo,107,8,4.418393,2,5.057701,0,0.01250001,NaN,0,0
2021-11-12,davidarvo,107,8,5.314333,2,6.062424,0,0.01250001,NaN,0,0
2021-11-12,davidarvo,107,8,6.195459,2,6.75743,1,0.01250001,NaN,0,0
2021-11-12,davidarvo,107,8,7.085747,2,7.624564,0,0.01250001,NaN,0,0
2021-11-12,davidarvo,107,8,7.98429,2,8.556367,1,0.01250001,NaN,0,0
2021-11-12,davidarvo,108,8,1.621139,2,2.198718,1,0.01250001,NaN,0,0
2021-11-12,davidarvo,108,8,2.509256,2,3.109076,1,0.01250001,NaN,0,0
2021-11-12,davidarvo,108,8,3.387442,2,3.897999,0,0.01250001,NaN,0,0
2021-11-12,davidarvo,108,8,4.275694,2,4.868009,1,0.01250001,NaN,0,0
2021-11-12,davidarvo,108,8,5.152551,2,5.753147,1,0.01250001,NaN,0,0
2021-11-12,davidarvo,108,8,6.030882,1,6.529797,1,0.01250001,NaN,0,0
2021-11-12,davidarvo,108,8,7.052561,1,7.540467,1,0.01250001,NaN,0,0
2021-11-12,davidarvo,108,8,7.895816,2,8.506531,1,0.01250001,NaN,0,0
2021-11-12,davidarvo,109,7,1.44295,1,2.049558,1,0.01250001,NaN,0,0
2021-11-12,davidarvo,109,7,2.275676,1,2.753396,1,0.01250001,NaN,0,0
2021-11-12,davidarvo,109,7,3.111973,1,3.582493,1,0.01250001,NaN,0,0
2021-11-12,davidarvo,109,7,3.949789,2,4.681372,1,0.01250001,NaN,0,0
2021-11-12,davidarvo,109,7,4.836896,1,5.397849,1,0.01250001,NaN,0,0
2021-11-12,davidarvo,109,7,5.675858,2,6.236171,1,0.01250001,NaN,0,0
2021-11-12,davidarvo,109,7,6.568425,1,7.201735,1,0.01250001,NaN,0,0
2021-11-12,davidarvo,110,8,1.654125,2,2.232382,0,0.01250001,NaN,0,0
2021-11-12,davidarvo,110,8,2.543009,1,3.03134,1,0.01250001,NaN,0,0
2021-11-12,davidarvo,110,8,3.387052,1,3.808925,1,0.01250001,NaN,0,0
2021-11-12,davidarvo,110,8,4.231743,1,4.663819,1,0.01250001,NaN,0,0
2021-11-12,davidarvo,110,8,5.074645,1,5.508146,1,0.01250001,NaN,0,0
2021-11-12,davidarvo,110,8,5.919316,2,6.540858,1,0.01250001,NaN,0,0
2021-11-12,davidarvo,110,8,6.808272,2,7.362945,1,0.01250001,NaN,0,0
2021-11-12,davidarvo,110,8,7.696243,2,8.273209,0,0.01250001,NaN,0,0
2021-11-12,davidarvo,111,7,1.499282,2,2.098991,1,0.01250001,NaN,0,0
2021-11-12,davidarvo,111,7,2.387383,2,2.909817,1,0.01250001,NaN,0,0
2021-11-12,davidarvo,111,7,3.276112,2,3.975516,1,0.01250001,NaN,0,0
2021-11-12,davidarvo,111,7,4.164657,1,4.564926,1,0.01250001,NaN,0,0
2021-11-12,davidarvo,111,7,4.997059,2,5.5306,1,0.01250001,NaN,0,0
2021-11-12,davidarvo,111,7,5.87513,1,6.296535,1,0.01250001,NaN,0,0
2021-11-12,davidarvo,111,7,6.708353,2,7.296912,1,0.01250001,NaN,0,0
2021-11-12,davidarvo,112,7,1.232571,2,1.743604,1,0.01250001,NaN,0,0
2021-11-12,davidarvo,112,7,2.121142,1,2.48814,1,0.01250001,NaN,0,0
2021-11-12,davidarvo,112,7,2.964789,1,3.365304,1,0.01250001,NaN,0,0
2021-11-12,davidarvo,112,7,3.809435,2,4.342238,1,0.01250001,NaN,0,0
2021-11-12,davidarvo,112,7,4.697773,2,5.253004,1,0.01250001,NaN,0,0
2021-11-12,davidarvo,112,7,5.752488,2,6.207844,1,0.01250001,NaN,0,0
2021-11-12,davidarvo,112,7,6.641654,1,7.207354,1,0.01250001,NaN,0,0
2021-11-12,davidarvo,113,7,1.454924,1,1.877299,1,0.01250001,NaN,0,0
2021-11-12,davidarvo,113,7,2.298577,2,2.787808,1,0.01250001,NaN,0,0
2021-11-12,davidarvo,113,7,3.183419,1,3.620816,1,0.01250001,NaN,0,0
2021-11-12,davidarvo,113,7,4.017236,1,4.483682,1,0.01250001,NaN,0,0
2021-11-12,davidarvo,113,7,4.864632,2,5.353112,0,0.01250001,NaN,0,0
2021-11-12,davidarvo,113,7,5.789611,2,6.419591,0,0.01250001,NaN,0,0
2021-11-12,davidarvo,113,7,6.687318,2,7.163015,1,0.01250001,NaN,0,0
2021-11-12,davidarvo,114,8,1.603539,1,2.130727,1,0.01250001,NaN,0,0
2021-11-12,davidarvo,114,8,2.442872,1,2.910218,1,0.01250001,NaN,0,0
2021-11-12,davidarvo,114,8,3.275122,1,3.719125,1,0.01250001,NaN,0,0
2021-11-12,davidarvo,114,8,4.131021,2,4.646509,0,0.01250001,NaN,0,0
2021-11-12,davidarvo,114,8,5.030206,2,5.522068,1,0.01250001,NaN,0,0
2021-11-12,davidarvo,114,8,5.919752,2,6.474495,1,0.01250001,NaN,0,0
2021-11-12,davidarvo,114,8,6.81947,2,7.33217,1,0.01250001,NaN,0,0
2021-11-12,davidarvo,114,8,7.785629,2,8.265653,1,0.01250001,NaN,0,0
2021-11-12,davidarvo,115,8,1.393922,2,1.93213,0,0.01250001,NaN,0,0
2021-11-12,davidarvo,115,8,2.275835,2,2.754563,1,0.01250001,NaN,0,0
2021-11-12,davidarvo,115,8,3.165366,1,3.587185,1,0.01250001,NaN,0,0
2021-11-12,davidarvo,115,8,3.998703,2,4.480807,1,0.01250001,NaN,0,0
2021-11-12,davidarvo,115,8,4.887454,2,5.446779,1,0.01250001,NaN,0,0
2021-11-12,davidarvo,115,8,5.773324,2,6.34169,0,0.01250001,NaN,0,0
2021-11-12,davidarvo,115,8,6.652822,2,7.152616,1,0.01250001,NaN,0,0
2021-11-12,davidarvo,115,8,7.53056,2,8.096419,1,0.01250001,NaN,0,0
2021-11-12,davidarvo,116,8,1.725518,2,2.25054,1,0.01250001,NaN,0,0
2021-11-12,davidarvo,116,8,2.609408,2,3.157007,1,0.01250001,NaN,0,0
2021-11-12,davidarvo,116,8,3.487044,2,4.030158,1,0.01250001,NaN,0,0
2021-11-12,davidarvo,116,8,4.376488,2,4.782856,0,0.01250001,NaN,0,0
2021-11-12,davidarvo,116,8,5.263829,2,5.763159,1,0.01250001,NaN,0,0
2021-11-12,davidarvo,116,8,6.152389,1,6.62361,0,0.01250001,NaN,0,0
2021-11-12,davidarvo,116,8,6.985506,2,7.596086,1,0.01250001,NaN,0,0
2021-11-12,davidarvo,116,8,7.873985,2,8.389132,1,0.01250001,NaN,0,0
2021-11-12,davidarvo,117,7,1.670563,2,2.329516,0,0.01250001,NaN,0,0
2021-11-12,davidarvo,117,7,2.55413,1,3.04299,1,0.01250001,NaN,0,0
2021-11-12,davidarvo,117,7,3.398247,2,3.9538,0,0.01250001,NaN,0,0
2021-11-12,davidarvo,117,7,4.2806,2,4.741398,0,0.01250001,NaN,0,0
2021-11-12,davidarvo,117,7,5.175622,2,5.674238,0,0.01250001,NaN,0,0
2021-11-12,davidarvo,117,7,6.065166,2,6.574487,1,0.01250001,NaN,0,0
2021-11-12,davidarvo,117,7,6.951918,1,0,0,0.01250001,NaN,0,0
2021-11-12,davidarvo,118,7,1.792709,2,2.428398,0,0.01250001,NaN,0,0
2021-11-12,davidarvo,118,7,2.677074,2,3.253486,0,0.01250001,NaN,0,0
2021-11-12,davidarvo,118,7,3.564401,1,4.024708,1,0.01250001,NaN,0,0
2021-11-12,davidarvo,118,7,4.408103,1,4.919105,1,0.01250001,NaN,0,0
2021-11-12,davidarvo,118,7,5.252549,2,5.802708,1,0.01250001,NaN,0,0
2021-11-12,davidarvo,118,7,6.14149,2,6.629333,1,0.01250001,NaN,0,0
2021-11-12,davidarvo,118,7,7.02578,2,7.483844,1,0.01250001,NaN,0,0
2021-11-12,davidarvo,119,7,1.507528,1,1.909773,1,0.01250001,NaN,0,0
2021-11-12,davidarvo,119,7,2.347267,1,2.824581,1,0.01250001,NaN,0,0
2021-11-12,davidarvo,119,7,3.191356,1,3.635135,1,0.01250001,NaN,0,0
2021-11-12,davidarvo,119,7,4.035385,1,4.456747,1,0.01250001,NaN,0,0
2021-11-12,davidarvo,119,7,4.876576,1,5.300665,1,0.01250001,NaN,0,0
2021-11-12,davidarvo,119,7,5.712308,2,6.156119,1,0.01250001,NaN,0,0
2021-11-12,davidarvo,119,7,7.137712,2,7.745108,1,0.01250001,NaN,0,0
2021-11-12,davidarvo,120,8,1.669556,2,2.193055,1,0.01250001,NaN,0,0
2021-11-12,davidarvo,120,8,2.565487,1,3.009185,1,0.01250001,NaN,0,0
2021-11-12,davidarvo,120,8,3.409937,2,3.996755,1,0.01250001,NaN,0,0
2021-11-12,davidarvo,120,8,4.308929,2,5.047633,0,0.01250001,NaN,0,0
2021-11-12,davidarvo,120,8,5.190827,2,5.731174,1,0.01250001,NaN,0,0
2021-11-12,davidarvo,120,8,6.072549,2,6.786912,0,0.01250001,NaN,0,0
2021-11-12,davidarvo,120,8,6.959213,2,7.577141,1,0.01250001,NaN,0,0
2021-11-12,davidarvo,120,8,8.072114,1,8.584362,1,0.01250001,NaN,0,0
2021-11-12,davidarvo,121,8,1.516109,2,2.064983,1,0.01250001,NaN,0,0
2021-11-12,davidarvo,121,8,2.407646,2,2.95254,1,0.01250001,NaN,0,0
2021-11-12,davidarvo,121,8,3.305819,2,3.852368,1,0.01250001,NaN,0,0
2021-11-12,davidarvo,121,8,4.186391,1,4.70528,1,0.01250001,NaN,0,0
2021-11-12,davidarvo,121,8,5.02847,2,5.563202,1,0.01250001,NaN,0,0
2021-11-12,davidarvo,121,8,5.917276,1,6.63873,0,0.01250001,NaN,0,0
2021-11-12,davidarvo,121,8,6.772446,2,7.405603,0,0.01250001,NaN,0,0
2021-11-12,davidarvo,121,8,8.005161,2,8.694378,1,0.01250001,NaN,0,0
2021-11-12,davidarvo,122,8,1.809016,1,2.308525,1,0.01250001,NaN,0,0
2021-11-12,davidarvo,122,8,2.648167,1,3.050939,1,0.01250001,NaN,0,0
2021-11-12,davidarvo,122,8,3.505549,1,3.87434,1,0.01250001,NaN,0,0
2021-11-12,davidarvo,122,8,4.340675,2,4.895938,1,0.01250001,NaN,0,0
2021-11-12,davidarvo,122,8,5.251391,1,5.681101,1,0.01250001,NaN,0,0
2021-11-12,davidarvo,122,8,6.108588,2,6.595441,1,0.01250001,NaN,0,0
2021-11-12,davidarvo,122,8,7.006099,2,7.516844,1,0.01250001,NaN,0,0
2021-11-12,davidarvo,122,8,7.90578,1,8.440779,1,0.01250001,NaN,0,0
2021-11-12,davidarvo,123,8,1.597764,1,2.0523,1,0.01250001,NaN,0,0
2021-11-12,davidarvo,123,8,2.44025,2,2.951709,1,0.01250001,NaN,0,0
2021-11-12,davidarvo,123,8,3.339745,2,3.877388,1,0.01250001,NaN,0,0
2021-11-12,davidarvo,123,8,4.227161,1,4.678636,1,0.01250001,NaN,0,0
2021-11-12,davidarvo,123,8,5.073025,2,5.551259,1,0.01250001,NaN,0,0
2021-11-12,davidarvo,123,8,5.983621,2,6.449416,1,0.01250001,NaN,0,0
2021-11-12,davidarvo,123,8,6.88263,2,7.382267,1,0.01250001,NaN,0,0
2021-11-12,davidarvo,123,8,7.780926,1,8.271787,1,0.01250001,NaN,0,0
2021-11-12,davidarvo,124,8,1.734756,2,2.276017,1,0.01250001,NaN,0,0
2021-11-12,davidarvo,124,8,2.62705,2,3.132617,1,0.01250001,NaN,0,0
2021-11-12,davidarvo,124,8,3.519903,2,3.963369,1,0.01250001,NaN,0,0
2021-11-12,davidarvo,124,8,4.419916,1,5.063991,1,0.01250001,NaN,0,0
2021-11-12,davidarvo,124,8,5.264596,2,5.808125,0,0.01250001,NaN,0,0
2021-11-12,davidarvo,124,8,6.318929,1,6.895301,1,0.01250001,NaN,0,0
2021-11-12,davidarvo,124,8,7.175615,1,7.651349,1,0.01250001,NaN,0,0
2021-11-12,davidarvo,124,8,8.019786,1,8.574402,1,0.01250001,NaN,0,0
2021-11-12,davidarvo,125,7,1.325789,2,1.948082,1,0.01250001,NaN,0,0
2021-11-12,davidarvo,125,7,2.225924,1,2.681422,1,0.01250001,NaN,0,0
2021-11-12,davidarvo,125,7,3.080182,2,3.590298,1,0.01250001,NaN,0,0
2021-11-12,davidarvo,125,7,3.968511,1,4.591933,1,0.01250001,NaN,0,0
2021-11-12,davidarvo,125,7,4.801787,1,5.357211,1,0.01250001,NaN,0,0
2021-11-12,davidarvo,125,7,5.723962,2,6.280036,1,0.01250001,NaN,0,0
2021-11-12,davidarvo,125,7,6.834275,2,7.411784,1,0.01250001,NaN,0,0
2021-11-12,davidarvo,126,8,1.686684,2,2.424088,0,0.01250001,NaN,0,0
2021-11-12,davidarvo,126,8,2.58665,1,3.074862,1,0.01250001,NaN,0,0
2021-11-12,davidarvo,126,8,3.430998,1,3.949651,1,0.01250001,NaN,0,0
2021-11-12,davidarvo,126,8,4.287142,2,4.71795,1,0.01250001,NaN,0,0
2021-11-12,davidarvo,126,8,5.220932,2,5.751286,1,0.01250001,NaN,0,0
2021-11-12,davidarvo,126,8,6.116669,2,0,0,0.01250001,NaN,0,0
2021-11-12,davidarvo,126,8,6.968815,2,7.497539,1,0.01250001,NaN,0,0
2021-11-12,davidarvo,126,8,7.863019,1,8.373297,1,0.01250001,NaN,0,0
2021-11-12,davidarvo,127,8,1.775778,1,2.220054,1,0.01250001,NaN,0,0
2021-11-12,davidarvo,127,8,2.630865,2,3.152607,1,0.01250001,NaN,0,0
2021-11-12,davidarvo,127,8,3.518382,2,4.07392,1,0.01250001,NaN,0,0
2021-11-12,davidarvo,127,8,4.418386,1,4.862464,1,0.01250001,NaN,0,0
2021-11-12,davidarvo,127,8,5.272385,1,5.860605,1,0.01250001,NaN,0,0
2021-11-12,davidarvo,127,8,6.106359,1,6.683727,1,0.01250001,NaN,0,0
2021-11-12,davidarvo,127,8,6.939637,2,7.472752,1,0.01250001,NaN,0,0
2021-11-12,davidarvo,127,8,7.838684,1,8.617682,0,0.01250001,NaN,0,0
2021-11-12,davidarvo,128,7,1.287839,2,1.896663,1,0.01250001,NaN,0,0
2021-11-12,davidarvo,128,7,2.185884,2,2.731574,1,0.01250001,NaN,0,0
2021-11-12,davidarvo,128,7,3.075377,1,3.529833,1,0.01250001,NaN,0,0
2021-11-12,davidarvo,128,7,3.916868,2,4.628373,1,0.01250001,NaN,0,0
2021-11-12,davidarvo,128,7,4.806324,2,5.418123,0,0.01250001,NaN,0,0
2021-11-12,davidarvo,128,7,5.684641,2,6.329714,0,0.01250001,NaN,0,0
2021-11-12,davidarvo,128,7,6.562869,2,7.076849,0,0.01250001,NaN,0,0
2021-11-12,davidarvo,129,7,1.70479,1,2.249629,1,0.01250001,NaN,0,0
2021-11-12,davidarvo,129,7,2.547704,2,3.074986,1,0.01250001,NaN,0,0
2021-11-12,davidarvo,129,7,3.447748,2,4.014107,1,0.01250001,NaN,0,0
2021-11-12,davidarvo,129,7,4.325767,2,4.891636,1,0.01250001,NaN,0,0
2021-11-12,davidarvo,129,7,5.203403,2,5.992667,1,0.01250001,NaN,0,0
2021-11-12,davidarvo,129,7,6.102135,1,6.546814,1,0.01250001,NaN,0,0
2021-11-12,davidarvo,129,7,6.941378,2,7.414313,0,0.01250001,NaN,0,0
2021-11-12,davidarvo,130,7,1.610909,2,2.163169,1,0.01250001,NaN,0,0
2021-11-12,davidarvo,130,7,2.497788,2,3.011082,0,0.01250001,NaN,0,0
2021-11-12,davidarvo,130,7,3.398025,2,3.861463,1,0.01250001,NaN,0,0
2021-11-12,davidarvo,130,7,4.289504,1,4.917255,1,0.01250001,NaN,0,0
2021-11-12,davidarvo,130,7,5.141213,1,5.61699,1,0.01250001,NaN,0,0
2021-11-12,davidarvo,130,7,5.974125,2,6.506321,1,0.01250001,NaN,0,0
2021-11-12,davidarvo,130,7,7.961521,1,8.452401,1,0.01250001,NaN,0,0
2021-11-12,davidarvo,131,8,1.387053,1,1.832828,1,0.01250001,NaN,0,0
2021-11-12,davidarvo,131,8,2.230851,2,2.714648,1,0.01250001,NaN,0,0
2021-11-12,davidarvo,131,8,3.118653,2,3.608597,1,0.01250001,NaN,0,0
2021-11-12,davidarvo,131,8,3.997033,1,4.562521,1,0.01250001,NaN,0,0
2021-11-12,davidarvo,131,8,4.840324,2,5.388351,1,0.01250001,NaN,0,0
2021-11-12,davidarvo,131,8,5.739655,2,6.262265,1,0.01250001,NaN,0,0
2021-11-12,davidarvo,131,8,6.629084,2,7.141949,0,0.01250001,NaN,0,0
2021-11-12,davidarvo,131,8,7.527877,2,7.994044,1,0.01250001,NaN,0,0
2021-11-12,davidarvo,132,7,1.718066,2,2.41862,1,0.01250001,NaN,0,0
2021-11-12,davidarvo,132,7,2.618405,2,3.142058,1,0.01250001,NaN,0,0
2021-11-12,davidarvo,132,7,3.499336,2,3.996076,1,0.01250001,NaN,0,0
2021-11-12,davidarvo,132,7,4.38565,2,4.914729,1,0.01250001,NaN,0,0
2021-11-12,davidarvo,132,7,5.273166,1,5.751752,1,0.01250001,NaN,0,0
2021-11-12,davidarvo,132,7,6.107433,2,6.610047,1,0.01250001,NaN,0,0
2021-11-12,davidarvo,132,7,7.317437,1,7.869116,0,0.01250001,NaN,0,0
2021-11-12,davidarvo,133,7,1.176168,1,1.629569,1,0.01250001,NaN,0,0
2021-11-12,davidarvo,133,7,2.027451,2,2.504273,1,0.01250001,NaN,0,0
2021-11-12,davidarvo,133,7,2.945511,2,3.47365,1,0.01250001,NaN,0,0
2021-11-12,davidarvo,133,7,3.831394,1,4.30682,1,0.01250001,NaN,0,0
2021-11-12,davidarvo,133,7,4.663566,2,5.196786,1,0.01250001,NaN,0,0
2021-11-12,davidarvo,133,7,5.546507,2,6.11903,1,0.01250001,NaN,0,0
2021-11-12,davidarvo,133,7,6.451029,1,6.951527,1,0.01250001,NaN,0,0
2021-11-12,davidarvo,134,7,1.136101,1,1.662095,1,0.01250001,NaN,0,0
2021-11-12,davidarvo,134,7,1.989962,1,2.501967,1,0.01250001,NaN,0,0
2021-11-12,davidarvo,134,7,2.833529,1,3.375941,1,0.01250001,NaN,0,0
2021-11-12,davidarvo,134,7,3.675829,1,4.267332,1,0.01250001,NaN,0,0
2021-11-12,davidarvo,134,7,4.721807,2,5.287961,1,0.01250001,NaN,0,0
2021-11-12,davidarvo,134,7,5.62143,2,6.176936,1,0.01250001,NaN,0,0
2021-11-12,davidarvo,134,7,6.721656,1,7.194533,0,0.01250001,NaN,0,0
2021-11-12,davidarvo,135,7,1.280531,2,1.810109,1,0.01250001,NaN,0,0
2021-11-12,davidarvo,135,7,2.170939,2,2.687523,1,0.01250001,NaN,0,0
2021-11-12,davidarvo,135,7,3.063278,2,3.509127,1,0.01250001,NaN,0,0
2021-11-12,davidarvo,135,7,3.963893,1,4.463559,1,0.01250001,NaN,0,0
2021-11-12,davidarvo,135,7,4.805111,2,5.419409,1,0.01250001,NaN,0,0
2021-11-12,davidarvo,135,7,5.696775,2,6.218447,1,0.01250001,NaN,0,0
2021-11-12,davidarvo,135,7,6.572121,2,7.140059,1,0.01250001,NaN,0,0
2021-11-12,davidarvo,136,7,1.541486,2,2.085419,1,0.01250001,NaN,0,0
2021-11-12,davidarvo,136,7,2.441141,2,2.930097,1,0.01250001,NaN,0,0
2021-11-12,davidarvo,136,7,3.318954,1,3.797879,1,0.01250001,NaN,0,0
2021-11-12,davidarvo,136,7,4.163942,1,4.710203,1,0.01250001,NaN,0,0
2021-11-12,davidarvo,136,7,5.021075,1,5.434877,1,0.01250001,NaN,0,0
2021-11-12,davidarvo,136,7,5.87096,1,6.462425,0,0.01250001,NaN,0,0
2021-11-12,davidarvo,136,7,6.706315,2,7.216791,0,0.01250001,NaN,0,0
2021-11-12,davidarvo,137,7,1.555936,2,2.108325,1,0.01250001,NaN,0,0
2021-11-12,davidarvo,137,7,2.452721,2,2.955733,1,0.01250001,NaN,0,0
2021-11-12,davidarvo,137,7,3.352085,2,3.852404,1,0.01250001,NaN,0,0
2021-11-12,davidarvo,137,7,4.235398,2,4.696702,1,0.01250001,NaN,0,0
2021-11-12,davidarvo,137,7,5.117303,1,0,0,0.01250001,NaN,0,0
2021-11-12,davidarvo,137,7,5.962353,1,0,0,0.01250001,NaN,0,0
2021-11-12,davidarvo,137,7,7.0959,1,0,0,0.01250001,NaN,0,0
2021-11-12,davidarvo,138,7,1.330495,1,0,0,0.01250001,NaN,0,0
2021-11-12,davidarvo,138,7,2.222686,1,0,0,0.01250001,NaN,0,0
2021-11-12,davidarvo,138,7,3.284669,1,0,0,0.01250001,NaN,0,0
2021-11-12,davidarvo,138,7,4.128866,1,0,0,0.01250001,NaN,0,0
2021-11-12,davidarvo,138,7,4.973773,2,0,0,0.01250001,NaN,0,0
2021-11-12,davidarvo,138,7,5.840654,2,0,0,0.01250001,NaN,0,0
2021-11-12,davidarvo,138,7,8.016794,2,0,0,0.01250001,NaN,0,0
