date,participant,trial,isPrac,isStationary,nTarg,targOnset,targFlash,targRT,targCor,targGap,FA_rt
2021-11-16,ph01,0,1,1,8,1.652287,1,2.464374,1,0.07,NaN
2021-11-16,ph01,0,1,1,8,2.486762,2,0,0,0.07,NaN
2021-11-16,ph01,0,1,1,8,3.33052,2,4.119315,1,0.07,NaN
2021-11-16,ph01,0,1,1,8,4.275561,1,4.840985,1,0.07,NaN
2021-11-16,ph01,0,1,1,8,5.118512,2,5.651445,1,0.07,NaN
2021-11-16,ph01,0,1,1,8,6.062463,1,0,0,0.07,5.817777
2021-11-16,ph01,0,1,1,8,6.906927,1,0,0,0.07,5.817777
2021-11-16,ph01,0,1,1,8,7.817199,1,0,0,0.07,5.817777
2021-11-16,ph01,1,1,1,8,1.676072,2,0,0,0.07,1.376136
2021-11-16,ph01,1,1,1,8,2.5095,2,3.208614,1,0.06,1.376136
2021-11-16,ph01,1,1,1,8,3.464252,2,4.209196,1,0.06,1.376136
2021-11-16,ph01,1,1,1,8,4.397767,2,5.052168,1,0.05,1.376136
2021-11-16,ph01,1,1,1,8,5.330298,2,5.941513,1,0.05,1.376136
2021-11-16,ph01,1,1,1,8,6.252306,2,6.840331,1,0.04000001,1.376136
2021-11-16,ph01,1,1,1,8,7.172888,2,7.717505,1,0.04000001,1.376136
2021-11-16,ph01,1,1,1,8,8.08357,1,8.906193,1,0.04000001,1.376136
2021-11-16,ph01,2,1,1,8,1.799841,1,2.320645,1,0.04000001,NaN
2021-11-16,ph01,2,1,1,8,2.64404,2,3.131694,1,0.03000001,NaN
2021-11-16,ph01,2,1,1,8,3.554011,2,4.065033,1,0.03000001,NaN
2021-11-16,ph01,2,1,1,8,4.443978,1,5.252976,0,0.03000001,NaN
2021-11-16,ph01,2,1,1,8,5.286644,2,5.852825,1,0.02000001,NaN
2021-11-16,ph01,2,1,1,8,6.174921,2,6.663791,1,0.02000001,NaN
2021-11-16,ph01,2,1,1,8,7.063564,1,7.496341,0,0.02000001,NaN
2021-11-16,ph01,2,1,1,8,7.90729,1,8.494986,0,0.02000001,NaN
2021-11-16,ph01,3,1,1,7,1.354264,1,0,0,0.02000001,NaN
2021-11-16,ph01,3,1,1,7,2.187716,1,2.198765,1,0.02000001,NaN
2021-11-16,ph01,3,1,1,7,3.031644,1,3.553972,1,0.02000001,2.964798
2021-11-16,ph01,3,1,1,7,3.87467,1,4.375108,1,0.02000001,2.964798
2021-11-16,ph01,3,1,1,7,4.719337,1,5.152369,1,0.02000001,2.964798
2021-11-16,ph01,3,1,1,7,5.563318,1,5.962276,1,0.02000001,2.964798
2021-11-16,ph01,3,1,1,7,6.452004,2,6.972948,1,0.01000001,2.964798
2021-11-16,ph01,4,1,1,8,1.788199,1,2.298615,1,0.01000001,NaN
2021-11-16,ph01,4,1,1,8,2.631925,2,3.209611,1,0.01,NaN
2021-11-16,ph01,4,1,1,8,3.509159,2,3.975248,1,0.01,NaN
2021-11-16,ph01,4,1,1,8,4.386333,1,5.05316,1,0.01,NaN
2021-11-16,ph01,4,1,1,8,5.230649,2,5.763857,1,0.01,NaN
2021-11-16,ph01,4,1,1,8,6.10862,2,6.663521,1,0.01,NaN
2021-11-16,ph01,4,1,1,8,6.985947,1,7.662874,0,0.01,NaN
2021-11-16,ph01,4,1,1,8,7.818638,1,8.640226,1,0.01,NaN
2021-11-16,ph01,5,1,1,7,1.510141,1,2.288115,0,0.01,NaN
2021-11-16,ph01,5,1,1,7,2.354356,1,3.031661,1,0.01,NaN
2021-11-16,ph01,5,1,1,7,3.197514,2,3.676188,1,0.01,NaN
2021-11-16,ph01,5,1,1,7,4.064369,2,4.575464,1,0.01,NaN
2021-11-16,ph01,5,1,1,7,4.941914,1,5.597383,1,0.01,NaN
2021-11-16,ph01,5,1,1,7,5.785931,1,6.307859,0,0.01,NaN
2021-11-16,ph01,5,1,1,7,7.8293,1,8.473269,1,0.01,NaN
2021-11-16,ph01,6,1,1,7,1.82098,2,0,0,0.01,2.664353
2021-11-16,ph01,6,1,1,7,2.664353,2,3.287359,1,0.01,2.664353
2021-11-16,ph01,6,1,1,7,3.542325,2,4.064566,1,0.01,2.664353
2021-11-16,ph01,6,1,1,7,4.408746,1,4.875207,0,0.01,2.664353
2021-11-16,ph01,6,1,1,7,5.252414,1,5.729956,0,0.01,2.664353
2021-11-16,ph01,6,1,1,7,6.087182,1,6.907231,0,0.01,2.664353
2021-11-16,ph01,6,1,1,7,7.240577,1,7.817618,1,0.01,2.664353
2021-11-16,ph01,7,1,1,8,1.77634,2,2.45389,1,0.01,NaN
2021-11-16,ph01,7,1,1,8,2.665509,2,3.153716,1,0.01,NaN
2021-11-16,ph01,7,1,1,8,3.532339,1,4.287461,0,0.01,NaN
2021-11-16,ph01,7,1,1,8,4.375898,1,4.89811,1,0.01,NaN
2021-11-16,ph01,7,1,1,8,5.309022,2,5.953538,1,0.01,NaN
2021-11-16,ph01,7,1,1,8,6.186844,1,6.732222,1,0.01,NaN
2021-11-16,ph01,7,1,1,8,7.030691,2,7.841463,1,0.01,NaN
2021-11-16,ph01,7,1,1,8,7.908194,1,8.620061,1,0.01,NaN
2021-11-16,ph01,8,1,1,8,1.577264,2,2.154963,1,0.01,NaN
2021-11-16,ph01,8,1,1,8,2.454978,2,3.03291,1,0.01,NaN
2021-11-16,ph01,8,1,1,8,3.321715,2,3.998819,1,0.01,NaN
2021-11-16,ph01,8,1,1,8,4.199489,1,4.709866,1,0.01,NaN
2021-11-16,ph01,8,1,1,8,5.086467,1,5.80966,1,0.01,NaN
2021-11-16,ph01,8,1,1,8,5.931351,2,0,0,0.01,NaN
2021-11-16,ph01,8,1,1,8,6.808216,2,7.297192,1,0.01,NaN
2021-11-16,ph01,8,1,1,8,7.674933,2,8.285135,1,0.01,NaN
2021-11-16,ph01,9,1,1,7,1.764782,1,2.508828,1,0.01,NaN
2021-11-16,ph01,9,1,1,7,2.60892,2,3.231133,1,0.01,NaN
2021-11-16,ph01,9,1,1,7,3.496925,1,4.125089,1,0.01,NaN
2021-11-16,ph01,9,1,1,7,4.340503,1,4.860855,1,0.01,NaN
2021-11-16,ph01,9,1,1,7,5.178315,1,5.739679,1,0.01,NaN
2021-11-16,ph01,9,1,1,7,6.010972,2,6.584281,1,0.01,NaN
2021-11-16,ph01,9,1,1,7,7.473562,1,8.167797,1,0.01,NaN
2021-11-16,ph01,10,1,1,8,1.709849,1,2.471051,0,0.01,NaN
2021-11-16,ph01,10,1,1,8,2.554426,2,3.108991,1,0.01,NaN
2021-11-16,ph01,10,1,1,8,3.442385,1,4.120286,1,0.01,NaN
2021-11-16,ph01,10,1,1,8,4.275909,1,4.807068,0,0.01,NaN
2021-11-16,ph01,10,1,1,8,5.125251,2,0,0,0.01,NaN
2021-11-16,ph01,10,1,1,8,5.962463,2,6.593643,1,0.01,NaN
2021-11-16,ph01,10,1,1,8,6.842317,2,7.700158,1,0.01,NaN
2021-11-16,ph01,10,1,1,8,7.710942,2,8.316779,1,0.01,NaN
2021-11-16,ph01,11,1,1,7,1.466068,1,2.298645,1,0.01,NaN
2021-11-16,ph01,11,1,1,7,2.310357,2,2.971206,1,0.01,NaN
2021-11-16,ph01,11,1,1,7,3.209792,1,3.864805,0,0.01,NaN
2021-11-16,ph01,11,1,1,7,4.065874,2,4.570135,1,0.01,NaN
2021-11-16,ph01,11,1,1,7,4.939782,2,5.469601,1,0.01,NaN
2021-11-16,ph01,11,1,1,7,5.819897,1,6.250837,0,0.01,NaN
2021-11-16,ph01,11,1,1,7,7.618444,2,8.218476,1,0.01,NaN
2021-11-16,ph01,12,1,1,8,1.759984,2,2.233195,1,0.01,NaN
2021-11-16,ph01,12,1,1,8,2.643703,1,3.098512,0,0.01,NaN
2021-11-16,ph01,12,1,1,8,3.482867,1,3.968411,0,0.01,NaN
2021-11-16,ph01,12,1,1,8,4.321801,2,4.909129,1,0.01,NaN
2021-11-16,ph01,12,1,1,8,5.206825,2,5.819201,1,0.01,NaN
2021-11-16,ph01,12,1,1,8,6.090462,2,6.65729,1,0.01,NaN
2021-11-16,ph01,12,1,1,8,6.989693,1,7.687625,0,0.01,NaN
2021-11-16,ph01,12,1,1,8,7.845681,1,8.576335,0,0.01,NaN
2021-11-16,ph01,13,1,1,8,1.724927,2,2.253882,1,0.01,NaN
2021-11-16,ph01,13,1,1,8,2.609375,1,3.384824,1,0.01,NaN
2021-11-16,ph01,13,1,1,8,3.442479,2,3.907629,1,0.01,NaN
2021-11-16,ph01,13,1,1,8,4.313835,1,4.963389,1,0.01,NaN
2021-11-16,ph01,13,1,1,8,5.167314,2,5.648798,1,0.01,NaN
2021-11-16,ph01,13,1,1,8,6.045683,2,6.593901,1,0.01,NaN
2021-11-16,ph01,13,1,1,8,6.938909,2,7.42959,1,0.01,NaN
2021-11-16,ph01,13,1,1,8,7.959579,1,8.427665,0,0.01,NaN
2021-11-16,ph01,14,1,1,8,1.609546,1,2.105355,0,0.01,NaN
2021-11-16,ph01,14,1,1,8,2.444707,2,2.952914,1,0.01,NaN
2021-11-16,ph01,14,1,1,8,3.320832,1,3.763132,0,0.01,NaN
2021-11-16,ph01,14,1,1,8,4.16491,2,4.673768,1,0.01,NaN
2021-11-16,ph01,14,1,1,8,5.034586,1,5.508272,0,0.01,NaN
2021-11-16,ph01,14,1,1,8,5.877913,2,6.475749,1,0.01,NaN
2021-11-16,ph01,14,1,1,8,6.751788,1,7.33027,0,0.01,NaN
2021-11-16,ph01,14,1,1,8,7.746415,2,8.369041,1,0.01,NaN
2021-11-16,ph01,15,1,1,7,1.777219,2,2.254636,1,0.01,NaN
2021-11-16,ph01,15,1,1,7,2.654436,2,3.120788,1,0.01,NaN
2021-11-16,ph01,15,1,1,7,3.541934,2,4.009372,1,0.01,NaN
2021-11-16,ph01,15,1,1,7,4.430986,2,4.897248,1,0.01,NaN
2021-11-16,ph01,15,1,1,7,5.325253,2,5.764093,1,0.01,NaN
2021-11-16,ph01,15,1,1,7,6.208256,2,6.663577,1,0.01,NaN
2021-11-16,ph01,15,1,1,7,7.235417,2,7.644118,1,0.01,NaN
2021-11-16,ph01,16,1,1,8,1.775249,1,2.16867,0,0.01,NaN
2021-11-16,ph01,16,1,1,8,2.614279,1,3.118265,0,0.01,NaN
2021-11-16,ph01,16,1,1,8,3.465127,1,3.963362,0,0.01,NaN
2021-11-16,ph01,16,1,1,8,4.306997,1,4.856927,0,0.01,NaN
2021-11-16,ph01,16,1,1,8,5.144236,1,0,0,0.01,NaN
2021-11-16,ph01,16,1,1,8,5.988724,1,6.067226,0,0.01,NaN
2021-11-16,ph01,16,1,1,8,6.988204,2,7.561781,1,0.01,6.6336
2021-11-16,ph01,16,1,1,8,7.984549,1,8.572397,0,0.01,6.6336
2021-11-16,ph01,17,1,1,7,1.60085,2,2.133696,1,0.01,NaN
2021-11-16,ph01,17,1,1,7,2.477043,2,2.921731,1,0.01,NaN
2021-11-16,ph01,17,1,1,7,3.367548,2,3.833919,1,0.01,NaN
2021-11-16,ph01,17,1,1,7,4.24155,2,0,0,0.01,NaN
2021-11-16,ph01,17,1,1,7,5.081217,2,5.538837,1,0.01,NaN
2021-11-16,ph01,17,1,1,7,5.974441,2,6.471348,1,0.01,NaN
2021-11-16,ph01,17,1,1,7,6.863114,1,0,0,0.01,NaN
2021-11-16,ph01,18,1,1,8,1.815191,1,2.337627,0,0.01,NaN
2021-11-16,ph01,18,1,1,8,2.655446,2,3.154421,1,0.01,NaN
2021-11-16,ph01,18,1,1,8,3.53183,1,3.965114,0,0.01,NaN
2021-11-16,ph01,18,1,1,8,4.365416,1,4.845532,1,0.01,NaN
2021-11-16,ph01,18,1,1,8,5.206044,1,5.797677,1,0.01,NaN
2021-11-16,ph01,18,1,1,8,6.040266,1,6.652398,1,0.01,NaN
2021-11-16,ph01,18,1,1,8,7.468924,1,8.012402,1,0.01,NaN
2021-11-16,ph01,18,1,1,8,8.312039,2,8.907369,1,0.01,NaN
2021-11-16,ph01,19,1,1,8,1.715938,1,2.387993,0,0.01,NaN
2021-11-16,ph01,19,1,1,8,2.554358,1,3.274167,1,0.01,NaN
2021-11-16,ph01,19,1,1,8,3.392041,2,3.974393,1,0.01,NaN
2021-11-16,ph01,19,1,1,8,4.285499,1,4.802301,0,0.01,NaN
2021-11-16,ph01,19,1,1,8,5.124419,1,5.782364,1,0.01,NaN
2021-11-16,ph01,19,1,1,8,6.147194,1,6.719266,1,0.01,NaN
2021-11-16,ph01,19,1,1,8,6.986705,2,7.490287,1,0.01,NaN
2021-11-16,ph01,19,1,1,8,7.884756,1,8.534578,1,0.01,NaN
2021-11-16,ph01,20,1,1,7,1.327168,1,1.920792,0,0.01,NaN
2021-11-16,ph01,20,1,1,7,2.1656,2,2.654831,1,0.01,NaN
2021-11-16,ph01,20,1,1,7,3.065332,2,3.546126,1,0.01,NaN
2021-11-16,ph01,20,1,1,7,3.937609,1,4.402233,0,0.01,NaN
2021-11-16,ph01,20,1,1,7,4.774427,2,5.264627,1,0.01,NaN
2021-11-16,ph01,20,1,1,7,5.653445,1,6.265913,0,0.01,NaN
2021-11-16,ph01,20,1,1,7,6.490023,1,7.198591,0,0.01,NaN
2021-11-16,ph01,21,1,1,8,1.636972,1,2.341866,1,0.01,NaN
2021-11-16,ph01,21,1,1,8,2.48641,1,2.992191,1,0.01,NaN
2021-11-16,ph01,21,1,1,8,3.322669,2,3.833764,1,0.01,NaN
2021-11-16,ph01,21,1,1,8,4.217546,1,4.696365,0,0.01,NaN
2021-11-16,ph01,21,1,1,8,5.051888,2,5.501662,1,0.01,NaN
2021-11-16,ph01,21,1,1,8,5.937573,1,6.339332,0,0.01,NaN
2021-11-16,ph01,21,1,1,8,6.77816,2,7.215181,1,0.01,NaN
2021-11-16,ph01,21,1,1,8,7.661111,1,8.171428,0,0.01,NaN
2021-11-16,ph01,22,1,1,8,1.587935,2,2.088425,1,0.01,NaN
2021-11-16,ph01,22,1,1,8,2.470425,1,2.947396,0,0.01,NaN
2021-11-16,ph01,22,1,1,8,3.313974,1,3.820793,1,0.01,NaN
2021-11-16,ph01,22,1,1,8,4.165834,1,4.671263,1,0.01,NaN
2021-11-16,ph01,22,1,1,8,5.014832,1,5.536394,1,0.01,NaN
2021-11-16,ph01,22,1,1,8,5.850148,1,6.374943,1,0.01,NaN
2021-11-16,ph01,22,1,1,8,6.697052,2,7.201987,1,0.01,NaN
2021-11-16,ph01,22,1,1,8,7.572614,2,8.222569,1,0.01,NaN
2021-11-16,ph01,23,1,1,8,1.714138,2,2.230382,1,0.01,NaN
2021-11-16,ph01,23,1,1,8,2.606933,2,3.062679,1,0.01,NaN
2021-11-16,ph01,23,1,1,8,3.484432,1,4.067769,0,0.01,NaN
2021-11-16,ph01,23,1,1,8,4.324,2,4.834171,1,0.01,NaN
2021-11-16,ph01,23,1,1,8,5.199696,2,5.661593,1,0.01,NaN
2021-11-16,ph01,23,1,1,8,6.06752,2,6.594204,1,0.01,NaN
2021-11-16,ph01,23,1,1,8,7.061406,1,7.500206,0,0.01,NaN
2021-11-16,ph01,23,1,1,8,7.905254,2,8.443246,1,0.01,NaN
2021-11-16,ph01,24,1,1,8,1.598942,1,2.243433,1,0.01,NaN
2021-11-16,ph01,24,1,1,8,2.443658,1,3.042171,1,0.01,NaN
2021-11-16,ph01,24,1,1,8,3.277206,1,3.797711,1,0.01,NaN
2021-11-16,ph01,24,1,1,8,4.11447,2,4.690239,1,0.01,NaN
2021-11-16,ph01,24,1,1,8,4.991973,2,5.495854,1,0.01,NaN
2021-11-16,ph01,24,1,1,8,5.86202,2,6.408347,1,0.01,NaN
2021-11-16,ph01,24,1,1,8,6.7411,2,7.260705,1,0.01,NaN
2021-11-16,ph01,24,1,1,8,7.907465,1,8.566886,1,0.01,NaN
2021-11-16,ph01,25,1,1,8,1.803125,2,2.318203,1,0.01,NaN
2021-11-16,ph01,25,1,1,8,2.692266,2,3.157487,1,0.01,NaN
2021-11-16,ph01,25,1,1,8,3.574853,2,4.008372,1,0.01,NaN
2021-11-16,ph01,25,1,1,8,4.473977,1,5.307603,0,0.01,NaN
2021-11-16,ph01,25,1,1,8,5.336487,2,5.883473,1,0.01,NaN
2021-11-16,ph01,25,1,1,8,6.217845,2,6.734614,1,0.01,NaN
2021-11-16,ph01,25,1,1,8,7.117721,2,7.739389,1,0.01,NaN
2021-11-16,ph01,25,1,1,8,7.997791,1,8.544035,1,0.01,NaN
2021-11-16,ph01,26,1,1,8,1.584077,2,2.110491,1,0.01,NaN
2021-11-16,ph01,26,1,1,8,2.46577,1,2.928173,0,0.01,NaN
2021-11-16,ph01,26,1,1,8,3.300471,2,3.805142,1,0.01,NaN
2021-11-16,ph01,26,1,1,8,4.193011,1,4.835025,1,0.01,NaN
2021-11-16,ph01,26,1,1,8,5.037232,2,5.546215,1,0.01,NaN
2021-11-16,ph01,26,1,1,8,5.917542,2,6.541791,1,0.01,NaN
2021-11-16,ph01,26,1,1,8,6.787402,1,7.496956,0,0.01,NaN
2021-11-16,ph01,26,1,1,8,7.62998,2,8.186666,1,0.01,NaN
2021-11-16,ph01,27,1,1,8,1.759316,2,2.252807,1,0.01,NaN
2021-11-16,ph01,27,1,1,8,2.65347,2,3.098406,1,0.01,NaN
2021-11-16,ph01,27,1,1,8,3.531817,1,4.059212,0,0.01,NaN
2021-11-16,ph01,27,1,1,8,4.369373,1,4.868535,0,0.01,NaN
2021-11-16,ph01,27,1,1,8,5.206529,2,5.693718,1,0.01,NaN
2021-11-16,ph01,27,1,1,8,6.110904,2,6.547511,1,0.01,NaN
2021-11-16,ph01,27,1,1,8,6.982966,1,7.42208,0,0.01,NaN
2021-11-16,ph01,27,1,1,8,7.845755,2,8.388757,1,0.01,NaN
2021-11-16,ph01,28,1,1,8,1.692461,1,2.415956,1,0.01,NaN
2021-11-16,ph01,28,1,1,8,2.527033,1,2.942167,1,0.01,NaN
2021-11-16,ph01,28,1,1,8,3.380493,1,3.826078,1,0.01,NaN
2021-11-16,ph01,28,1,1,8,4.219623,1,4.746868,0,0.01,NaN
2021-11-16,ph01,28,1,1,8,5.069912,1,5.74177,1,0.01,NaN
2021-11-16,ph01,28,1,1,8,5.912076,2,6.547273,1,0.01,NaN
2021-11-16,ph01,28,1,1,8,6.908782,2,7.534764,1,0.01,NaN
2021-11-16,ph01,28,1,1,8,7.94711,1,8.568861,1,0.01,NaN
2021-11-16,ph01,29,1,1,7,1.692753,2,2.51356,1,0.01,NaN
2021-11-16,ph01,29,1,1,7,2.58778,2,3.186623,1,0.01,NaN
2021-11-16,ph01,29,1,1,7,3.454592,2,3.964482,1,0.01,NaN
2021-11-16,ph01,29,1,1,7,4.33997,2,4.774477,1,0.01,NaN
2021-11-16,ph01,29,1,1,7,5.230793,2,5.624901,1,0.01,NaN
2021-11-16,ph01,29,1,1,7,6.103039,1,6.652733,1,0.01,NaN
2021-11-16,ph01,29,1,1,7,6.941942,1,7.535264,1,0.01,NaN
2021-11-16,ph01,30,1,1,7,1.134856,1,1.883363,1,0.01,NaN
2021-11-16,ph01,30,1,1,7,1.983225,1,2.505125,1,0.01,NaN
2021-11-16,ph01,30,1,1,7,2.826773,2,3.36457,1,0.01,NaN
2021-11-16,ph01,30,1,1,7,3.705512,1,4.220167,0,0.01,NaN
2021-11-16,ph01,30,1,1,7,4.543921,1,5.237248,0,0.01,NaN
2021-11-16,ph01,30,1,1,7,5.587597,2,6.109585,1,0.01,NaN
2021-11-16,ph01,30,1,1,7,6.797022,2,7.331192,1,0.01,NaN
2021-11-16,ph01,31,1,1,8,1.776936,2,2.26497,1,0.01,NaN
2021-11-16,ph01,31,1,1,8,2.655491,2,3.132285,1,0.01,NaN
2021-11-16,ph01,31,1,1,8,3.529969,1,4.120955,0,0.01,NaN
2021-11-16,ph01,31,1,1,8,4.365852,2,4.870247,1,0.01,NaN
2021-11-16,ph01,31,1,1,8,5.24096,1,5.712744,0,0.01,NaN
2021-11-16,ph01,31,1,1,8,6.091486,2,6.618412,1,0.01,NaN
2021-11-16,ph01,31,1,1,8,6.974853,2,7.441736,1,0.01,NaN
2021-11-16,ph01,31,1,1,8,7.868937,1,8.633779,0,0.01,NaN
2021-11-16,ph01,32,1,1,8,1.83621,2,2.3216,1,0.01,NaN
2021-11-16,ph01,32,1,1,8,2.715699,2,3.198448,1,0.01,NaN
2021-11-16,ph01,32,1,1,8,3.609444,2,4.072073,1,0.01,NaN
2021-11-16,ph01,32,1,1,8,4.487765,2,4.949243,1,0.01,NaN
2021-11-16,ph01,32,1,1,8,5.358178,2,5.796407,1,0.01,NaN
2021-11-16,ph01,32,1,1,8,6.230666,2,6.680979,1,0.01,NaN
2021-11-16,ph01,32,1,1,8,7.101915,1,7.651489,0,0.01,NaN
2021-11-16,ph01,32,1,1,8,7.940979,1,8.552029,1,0.01,NaN
2021-11-16,ph01,33,1,1,8,1.552444,1,2.259318,1,0.01,NaN
2021-11-16,ph01,33,1,1,8,2.403351,1,2.941849,1,0.01,NaN
2021-11-16,ph01,33,1,1,8,3.251989,1,3.737598,1,0.01,NaN
2021-11-16,ph01,33,1,1,8,4.097574,1,4.618213,1,0.01,NaN
2021-11-16,ph01,33,1,1,8,4.939638,2,5.55287,1,0.01,NaN
2021-11-16,ph01,33,1,1,8,5.902822,1,6.7297,0,0.01,NaN
2021-11-16,ph01,33,1,1,8,6.752005,2,7.385634,1,0.01,NaN
2021-11-16,ph01,33,1,1,8,7.619468,1,8.287969,1,0.01,NaN
2021-11-16,ph01,34,1,1,7,1.665383,1,2.265646,1,0.01,NaN
2021-11-16,ph01,34,1,1,7,2.49912,2,3.243556,1,0.01,NaN
2021-11-16,ph01,34,1,1,7,3.398858,1,4.009211,1,0.01,NaN
2021-11-16,ph01,34,1,1,7,4.242187,1,4.776328,1,0.01,NaN
2021-11-16,ph01,34,1,1,7,5.097529,1,5.664176,1,0.01,NaN
2021-11-16,ph01,34,1,1,7,5.936492,1,6.719635,1,0.01,NaN
2021-11-16,ph01,34,1,1,7,6.787436,1,7.400314,1,0.01,NaN
2021-11-16,ph01,35,1,1,7,1.599714,2,2.063325,1,0.01,NaN
2021-11-16,ph01,35,1,1,7,2.487314,1,3.027406,1,0.01,NaN
2021-11-16,ph01,35,1,1,7,3.341451,1,3.962821,1,0.01,NaN
2021-11-16,ph01,35,1,1,7,4.191193,2,4.82602,1,0.01,NaN
2021-11-16,ph01,35,1,1,7,5.070486,1,5.641494,1,0.01,NaN
2021-11-16,ph01,35,1,1,7,5.903073,2,6.545733,0,0.02,NaN
2021-11-16,ph01,35,1,1,7,8.011606,2,8.622833,0,0.03,NaN
2021-11-16,ph01,36,1,1,7,1.808505,1,0,0,0.03,NaN
2021-11-16,ph01,36,1,1,7,2.647467,1,3.17484,1,0.03,NaN
2021-11-16,ph01,36,1,1,7,3.4859,1,3.969158,1,0.03,NaN
2021-11-16,ph01,36,1,1,7,4.325349,1,0,0,0.03,NaN
2021-11-16,ph01,36,1,1,7,5.185236,1,5.561914,1,0.03,NaN
2021-11-16,ph01,36,1,1,7,6.027581,1,6.439728,1,0.03,NaN
2021-11-16,ph01,36,1,1,7,6.874461,1,7.259027,1,0.03,NaN
2021-11-16,ph01,37,1,1,7,1.519648,2,1.989008,1,0.02,NaN
2021-11-16,ph01,37,1,1,7,2.423131,2,2.868765,1,0.02,NaN
2021-11-16,ph01,37,1,1,7,3.331092,1,3.915099,1,0.02,NaN
2021-11-16,ph01,37,1,1,7,4.184697,1,4.740981,1,0.02,NaN
2021-11-16,ph01,37,1,1,7,5.024067,2,5.577981,1,0.01,NaN
2021-11-16,ph01,37,1,1,7,5.928963,2,6.440475,1,0.01,NaN
2021-11-16,ph01,37,1,1,7,6.946889,1,7.477451,1,0.01,NaN
2021-11-16,ph01,38,1,1,8,1.644089,2,2.132624,1,0.01,NaN
2021-11-16,ph01,38,1,1,8,2.514832,1,3.114002,1,0.01,NaN
2021-11-16,ph01,38,1,1,8,3.357673,2,3.961309,1,0.01,NaN
2021-11-16,ph01,38,1,1,8,4.225624,1,4.897844,1,0.01,NaN
2021-11-16,ph01,38,1,1,8,5.07534,2,5.668143,1,0.01,NaN
2021-11-16,ph01,38,1,1,8,5.968366,2,6.508019,1,0.01,NaN
2021-11-16,ph01,38,1,1,8,6.841362,1,7.445886,1,0.01,NaN
2021-11-16,ph01,38,1,1,8,7.690981,2,8.36727,1,0.01,NaN
2021-11-16,ph01,39,1,1,7,1.761981,2,2.264444,1,0.01,NaN
2021-11-16,ph01,39,1,1,7,2.655605,2,3.122176,1,0.01,NaN
2021-11-16,ph01,39,1,1,7,3.53179,2,3.98836,1,0.01,NaN
2021-11-16,ph01,39,1,1,7,4.410037,1,4.915341,1,0.01,NaN
2021-11-16,ph01,39,1,1,7,5.254669,2,5.710743,1,0.01,NaN
2021-11-16,ph01,39,1,1,7,6.131784,2,6.784495,1,0.01,NaN
2021-11-16,ph01,39,1,1,7,7.010303,2,7.642472,0,0.02,NaN
2021-11-16,ph01,40,0,0,7,1.595171,1,2.32109,1,0.02,NaN
2021-11-16,ph01,40,0,0,7,2.431919,1,2.981597,1,0.02,NaN
2021-11-16,ph01,40,0,0,7,3.286886,1,3.719977,1,0.02,NaN
2021-11-16,ph01,40,0,0,7,4.130726,1,4.548199,1,0.02,NaN
2021-11-16,ph01,40,0,0,7,4.991908,1,5.363363,1,0.02,NaN
2021-11-16,ph01,40,0,0,7,5.837351,1,6.104023,1,0.02,NaN
2021-11-16,ph01,40,0,0,7,6.679058,2,6.971991,0,0.03,NaN
2021-11-16,ph01,41,0,0,8,1.666659,1,2.163904,1,0.03,NaN
2021-11-16,ph01,41,0,0,8,2.509279,1,3.294333,1,0.03,NaN
2021-11-16,ph01,41,0,0,8,3.349893,1,3.918667,1,0.03,NaN
2021-11-16,ph01,41,0,0,8,4.19772,2,4.738558,1,0.03,NaN
2021-11-16,ph01,41,0,0,8,5.095366,1,5.741171,1,0.03,NaN
2021-11-16,ph01,41,0,0,8,5.929935,2,6.724181,1,0.03,5.842328
2021-11-16,ph01,41,0,0,8,7.434941,1,8.018303,1,0.03,5.842328
2021-11-16,ph01,42,0,0,8,8.283498,1,0,0,0.03,5.842328
2021-11-16,ph01,42,0,0,8,1.568922,2,2.069193,1,0.03,NaN
2021-11-16,ph01,42,0,0,8,2.474329,1,3.06355,1,0.03,NaN
2021-11-16,ph01,42,0,0,8,3.335752,2,3.818694,1,0.03,NaN
2021-11-16,ph01,42,0,0,8,4.239225,2,4.728122,1,0.03,NaN
2021-11-16,ph01,42,0,0,8,5.161584,1,5.756599,1,0.03,NaN
2021-11-16,ph01,42,0,0,8,6.167462,1,6.729776,1,0.03,NaN
2021-11-16,ph01,42,0,0,8,7.005126,2,7.590353,1,0.03,NaN
2021-11-16,ph01,42,0,0,8,7.915568,2,8.473371,1,0.03,NaN
2021-11-16,ph01,43,0,0,7,1.055192,1,1.642721,1,0.03,NaN
2021-11-16,ph01,43,0,0,7,1.913542,1,2.564427,1,0.03,NaN
2021-11-16,ph01,43,0,0,7,2.753347,2,0,0,0.03,NaN
2021-11-16,ph01,43,0,0,7,3.662195,2,4.118771,1,0.03,NaN
2021-11-16,ph01,43,0,0,7,4.563099,2,5.051524,1,0.03,NaN
2021-11-16,ph01,43,0,0,7,5.523003,1,6.062884,1,0.03,NaN
2021-11-16,ph01,43,0,0,7,6.362696,2,6.967781,1,0.03,NaN
2021-11-16,ph01,44,0,0,7,1.804773,2,2.31133,1,0.03,NaN
2021-11-16,ph01,44,0,0,7,2.704736,1,3.515122,0,0.03,NaN
2021-11-16,ph01,44,0,0,7,3.553487,1,0,0,0.03,NaN
2021-11-16,ph01,44,0,0,7,4.398163,1,0,0,0.03,NaN
2021-11-16,ph01,44,0,0,7,5.229966,2,0,0,0.03,NaN
2021-11-16,ph01,44,0,0,7,6.063909,2,6.630962,1,0.03,NaN
2021-11-16,ph01,44,0,0,7,7.662872,1,0,0,0.03,NaN
2021-11-16,ph01,45,0,0,8,1.74352,2,2.26849,1,0.03,NaN
2021-11-16,ph01,45,0,0,8,2.652957,2,3.153713,1,0.03,NaN
2021-11-16,ph01,45,0,0,8,3.553059,2,4.028348,1,0.03,NaN
2021-11-16,ph01,45,0,0,8,4.455778,1,4.972535,1,0.03,NaN
2021-11-16,ph01,45,0,0,8,5.292256,1,5.895751,1,0.03,NaN
2021-11-16,ph01,45,0,0,8,6.128503,1,6.624732,1,0.03,NaN
2021-11-16,ph01,45,0,0,8,6.970594,2,7.489781,1,0.03,NaN
2021-11-16,ph01,45,0,0,8,7.870059,1,8.640656,0,0.03,NaN
2021-11-16,ph01,46,0,0,8,1.615397,1,2.141926,0,0.03,NaN
2021-11-16,ph01,46,0,0,8,2.45393,1,2.98692,1,0.03,NaN
2021-11-16,ph01,46,0,0,8,3.302843,2,3.864455,1,0.03,NaN
2021-11-16,ph01,46,0,0,8,4.20936,2,4.730423,1,0.03,NaN
2021-11-16,ph01,46,0,0,8,5.101644,2,5.645644,1,0.03,NaN
2021-11-16,ph01,46,0,0,8,6.018967,1,6.770186,0,0.03,NaN
2021-11-16,ph01,46,0,0,8,6.859875,2,7.45217,1,0.03,NaN
2021-11-16,ph01,46,0,0,8,7.752882,2,8.374086,1,0.03,NaN
2021-11-16,ph01,47,0,0,8,1.481961,1,2.095196,1,0.03,NaN
2021-11-16,ph01,47,0,0,8,2.311078,1,2.835659,1,0.03,NaN
2021-11-16,ph01,47,0,0,8,3.153695,2,3.686659,1,0.03,NaN
2021-11-16,ph01,47,0,0,8,4.042187,2,4.605253,1,0.03,NaN
2021-11-16,ph01,47,0,0,8,4.96413,1,5.685417,0,0.03,NaN
2021-11-16,ph01,47,0,0,8,5.797578,2,6.280345,1,0.03,NaN
2021-11-16,ph01,47,0,0,8,6.695696,2,7.218455,1,0.03,NaN
2021-11-16,ph01,47,0,0,8,7.607162,2,8.034163,1,0.03,NaN
2021-11-16,ph01,48,0,0,8,1.753673,2,2.286918,1,0.03,NaN
2021-11-16,ph01,48,0,0,8,2.663665,2,3.186215,1,0.03,NaN
2021-11-16,ph01,48,0,0,8,3.562647,1,4.185106,1,0.03,NaN
2021-11-16,ph01,48,0,0,8,4.402476,1,4.960922,1,0.03,NaN
2021-11-16,ph01,48,0,0,8,5.249454,1,5.728606,1,0.03,NaN
2021-11-16,ph01,48,0,0,8,6.089581,1,6.622035,1,0.03,NaN
2021-11-16,ph01,48,0,0,8,6.972889,1,7.450527,1,0.03,NaN
2021-11-16,ph01,48,0,0,8,8.114673,2,8.694568,1,0.03,NaN
2021-11-16,ph01,49,0,0,7,1.659765,2,2.187758,1,0.03,NaN
2021-11-16,ph01,49,0,0,7,2.560535,1,3.298661,1,0.03,NaN
2021-11-16,ph01,49,0,0,7,3.409276,2,3.908459,1,0.03,NaN
2021-11-16,ph01,49,0,0,7,4.315563,1,4.908169,1,0.03,NaN
2021-11-16,ph01,49,0,0,7,5.164079,2,5.713915,1,0.03,NaN
2021-11-16,ph01,49,0,0,7,6.06855,1,6.624167,0,0.03,NaN
2021-11-16,ph01,49,0,0,7,6.912728,2,7.45146,1,0.03,NaN
2021-11-16,ph01,50,0,0,7,1.662515,2,2.152119,1,0.03,NaN
2021-11-16,ph01,50,0,0,7,2.55879,2,3.041384,1,0.03,NaN
2021-11-16,ph01,50,0,0,7,3.476281,2,3.973878,1,0.03,NaN
2021-11-16,ph01,50,0,0,7,4.376266,2,4.842843,1,0.03,NaN
2021-11-16,ph01,50,0,0,7,5.274877,2,5.757491,1,0.03,NaN
2021-11-16,ph01,50,0,0,7,6.18382,1,6.796088,1,0.03,NaN
2021-11-16,ph01,50,0,0,7,7.654117,2,8.238898,1,0.03,NaN
2021-11-16,ph01,51,0,0,7,1.361799,2,1.838058,1,0.03,NaN
2021-11-16,ph01,51,0,0,7,2.254828,2,2.770802,1,0.03,NaN
2021-11-16,ph01,51,0,0,7,3.148065,2,3.620147,1,0.03,NaN
2021-11-16,ph01,51,0,0,7,4.053319,1,4.660043,1,0.03,NaN
2021-11-16,ph01,51,0,0,7,4.894538,1,5.553988,1,0.03,NaN
2021-11-16,ph01,51,0,0,7,5.741932,1,6.275019,1,0.03,NaN
2021-11-16,ph01,51,0,0,7,7.718286,1,8.311859,1,0.03,NaN
2021-11-16,ph01,52,0,0,7,1.13056,1,0,0,0.03,NaN
2021-11-16,ph01,52,0,0,7,1.964805,1,0,0,0.03,NaN
2021-11-16,ph01,52,0,0,7,2.808499,2,0,0,0.03,NaN
2021-11-16,ph01,52,0,0,7,3.652691,2,4.215404,1,0.03,NaN
2021-11-16,ph01,52,0,0,7,4.618307,2,5.151864,1,0.03,NaN
2021-11-16,ph01,52,0,0,7,5.519022,1,6.068308,1,0.03,NaN
2021-11-16,ph01,52,0,0,7,6.696005,2,7.289995,1,0.03,NaN
2021-11-16,ph01,53,0,0,7,1.761337,2,2.286395,1,0.03,NaN
2021-11-16,ph01,53,0,0,7,2.693752,2,3.221388,1,0.03,NaN
2021-11-16,ph01,53,0,0,7,3.588039,1,4.104459,1,0.03,NaN
2021-11-16,ph01,53,0,0,7,4.441686,2,5.036948,1,0.03,NaN
2021-11-16,ph01,53,0,0,7,5.348089,1,5.964675,1,0.03,NaN
2021-11-16,ph01,53,0,0,7,6.192053,1,6.746443,0,0.03,NaN
2021-11-16,ph01,53,0,0,7,7.03046,1,7.608555,1,0.03,NaN
2021-11-16,ph01,54,0,0,8,1.778395,1,2.317204,1,0.03,NaN
2021-11-16,ph01,54,0,0,8,2.626953,1,3.332698,1,0.03,NaN
2021-11-16,ph01,54,0,0,8,3.460742,1,3.971536,1,0.03,NaN
2021-11-16,ph01,54,0,0,8,4.304498,1,4.80059,1,0.03,NaN
2021-11-16,ph01,54,0,0,8,5.145303,1,5.637684,1,0.03,NaN
2021-11-16,ph01,54,0,0,8,5.982367,2,6.509389,1,0.03,NaN
2021-11-16,ph01,54,0,0,8,6.875537,1,7.469615,1,0.03,NaN
2021-11-16,ph01,54,0,0,8,7.736619,2,8.332712,1,0.03,NaN
2021-11-16,ph01,55,0,0,8,1.404638,1,1.932463,1,0.03,NaN
2021-11-16,ph01,55,0,0,8,2.253925,2,0,0,0.03,NaN
2021-11-16,ph01,55,0,0,8,3.088057,2,3.115477,0,0.03,NaN
2021-11-16,ph01,55,0,0,8,3.987277,1,4.669055,1,0.03,3.709892
2021-11-16,ph01,55,0,0,8,4.832301,1,5.605359,1,0.03,3.709892
2021-11-16,ph01,55,0,0,8,5.674969,2,6.247077,1,0.03,3.709892
2021-11-16,ph01,55,0,0,8,6.57389,1,7.130166,1,0.03,3.709892
2021-11-16,ph01,55,0,0,8,7.408878,2,8.011938,1,0.03,3.709892
2021-11-16,ph01,56,0,0,8,1.656358,1,2.168083,1,0.03,NaN
2021-11-16,ph01,56,0,0,8,2.490267,1,3.122584,1,0.03,NaN
2021-11-16,ph01,56,0,0,8,3.345657,2,3.929036,1,0.03,NaN
2021-11-16,ph01,56,0,0,8,4.243014,1,4.788311,1,0.03,NaN
2021-11-16,ph01,56,0,0,8,5.088036,1,5.675951,1,0.03,NaN
2021-11-16,ph01,56,0,0,8,6.005999,2,6.65431,1,0.03,NaN
2021-11-16,ph01,56,0,0,8,7.146871,2,7.730749,1,0.03,NaN
2021-11-16,ph01,56,0,0,8,8.058586,2,8.679171,1,0.03,NaN
2021-11-16,ph01,57,0,0,7,1.806542,2,2.419105,1,0.03,NaN
2021-11-16,ph01,57,0,0,7,2.698697,1,3.314445,1,0.03,NaN
2021-11-16,ph01,57,0,0,7,3.53123,2,4.097614,1,0.03,NaN
2021-11-16,ph01,57,0,0,7,4.452472,2,4.986725,1,0.03,NaN
2021-11-16,ph01,57,0,0,7,5.353743,1,5.825038,1,0.03,NaN
2021-11-16,ph01,57,0,0,7,6.198138,2,6.763877,1,0.03,NaN
2021-11-16,ph01,57,0,0,7,7.107529,2,7.601511,1,0.03,NaN
2021-11-16,ph01,58,0,0,7,1.776484,2,2.276267,1,0.03,NaN
2021-11-16,ph01,58,0,0,7,2.681688,2,3.197196,1,0.03,NaN
2021-11-16,ph01,58,0,0,7,3.575611,1,4.130574,1,0.03,NaN
2021-11-16,ph01,58,0,0,7,4.433574,1,5.011685,1,0.03,NaN
2021-11-16,ph01,58,0,0,7,5.274296,1,5.79107,1,0.03,NaN
2021-11-16,ph01,58,0,0,7,6.1089,1,6.590009,1,0.03,NaN
2021-11-16,ph01,58,0,0,7,7.115012,2,7.606812,1,0.03,NaN
2021-11-16,ph01,59,0,0,7,1.403603,2,1.909598,1,0.03,NaN
2021-11-16,ph01,59,0,0,7,2.310331,2,2.770222,1,0.03,NaN
2021-11-16,ph01,59,0,0,7,3.205987,2,3.630327,1,0.03,NaN
2021-11-16,ph01,59,0,0,7,4.108788,1,4.702672,1,0.03,NaN
2021-11-16,ph01,59,0,0,7,4.949121,2,5.489983,1,0.03,NaN
2021-11-16,ph01,59,0,0,7,5.839093,2,6.319123,1,0.03,NaN
2021-11-16,ph01,59,0,0,7,8.184676,2,8.781701,1,0.03,NaN
2021-11-16,ph01,60,0,0,8,1.642381,2,2.113985,1,0.03,NaN
2021-11-16,ph01,60,0,0,8,2.536717,2,2.994338,1,0.03,NaN
2021-11-16,ph01,60,0,0,8,3.44717,1,3.86012,0,0.03,NaN
2021-11-16,ph01,60,0,0,8,4.295321,2,4.717598,1,0.03,NaN
2021-11-16,ph01,60,0,0,8,5.196699,2,5.663083,1,0.03,NaN
2021-11-16,ph01,60,0,0,8,6.093755,1,6.62927,1,0.03,NaN
2021-11-16,ph01,60,0,0,8,7.44123,1,8.045576,1,0.03,NaN
2021-11-16,ph01,60,0,0,8,8.281289,2,8.805927,1,0.03,NaN
2021-11-16,ph01,61,0,0,8,1.621276,2,2.132378,1,0.03,NaN
2021-11-16,ph01,61,0,0,8,2.526467,1,2.999278,1,0.03,NaN
2021-11-16,ph01,61,0,0,8,3.364867,2,3.875808,1,0.03,NaN
2021-11-16,ph01,61,0,0,8,4.26688,2,4.804649,1,0.03,NaN
2021-11-16,ph01,61,0,0,8,5.152543,1,5.647092,1,0.03,NaN
2021-11-16,ph01,61,0,0,8,5.99694,1,6.679591,1,0.03,NaN
2021-11-16,ph01,61,0,0,8,6.835733,2,7.368426,1,0.03,NaN
2021-11-16,ph01,61,0,0,8,7.740766,2,8.25148,1,0.03,NaN
2021-11-16,ph01,62,0,0,7,1.606236,2,2.098953,1,0.03,NaN
2021-11-16,ph01,62,0,0,7,2.509756,1,3.070336,1,0.03,NaN
2021-11-16,ph01,62,0,0,7,3.343261,1,3.875327,1,0.03,NaN
2021-11-16,ph01,62,0,0,7,4.209139,2,4.730958,1,0.03,NaN
2021-11-16,ph01,62,0,0,7,5.098258,1,5.705536,1,0.03,NaN
2021-11-16,ph01,62,0,0,7,5.934711,1,6.618587,1,0.03,NaN
2021-11-16,ph01,62,0,0,7,6.774694,1,7.2741,1,0.03,NaN
2021-11-16,ph01,63,0,0,8,1.498778,1,2.083637,1,0.03,NaN
2021-11-16,ph01,63,0,0,8,2.337622,2,2.858484,1,0.03,NaN
2021-11-16,ph01,63,0,0,8,3.231404,1,3.971467,1,0.03,NaN
2021-11-16,ph01,63,0,0,8,4.072571,2,4.785297,1,0.03,NaN
2021-11-16,ph01,63,0,0,8,5.098028,2,5.607967,1,0.03,NaN
2021-11-16,ph01,63,0,0,8,6.00652,2,6.507165,1,0.03,NaN
2021-11-16,ph01,63,0,0,8,6.908483,2,7.473835,1,0.03,NaN
2021-11-16,ph01,63,0,0,8,8.063271,1,8.6375,1,0.03,NaN
2021-11-16,ph01,64,0,0,7,1.632234,2,2.163046,1,0.03,NaN
2021-11-16,ph01,64,0,0,7,2.535978,2,3.018179,1,0.03,NaN
2021-11-16,ph01,64,0,0,7,3.441261,2,3.919902,1,0.03,NaN
2021-11-16,ph01,64,0,0,7,4.338568,1,4.957804,1,0.03,NaN
2021-11-16,ph01,64,0,0,7,5.175615,2,5.696404,1,0.03,NaN
2021-11-16,ph01,64,0,0,7,6.086155,1,6.672746,0,0.03,NaN
2021-11-16,ph01,64,0,0,7,6.927825,2,7.551139,1,0.03,NaN
2021-11-16,ph01,65,0,0,8,1.675769,1,2.341771,1,0.03,NaN
2021-11-16,ph01,65,0,0,8,2.519361,1,3.125034,1,0.03,NaN
2021-11-16,ph01,65,0,0,8,3.358619,2,3.957286,1,0.03,NaN
2021-11-16,ph01,65,0,0,8,4.252175,1,5.019724,0,0.03,NaN
2021-11-16,ph01,65,0,0,8,5.085149,1,5.679894,1,0.03,NaN
2021-11-16,ph01,65,0,0,8,5.940134,2,6.451297,1,0.03,NaN
2021-11-16,ph01,65,0,0,8,6.852978,2,7.340107,1,0.03,NaN
2021-11-16,ph01,65,0,0,8,7.74533,2,8.278007,1,0.03,NaN
2021-11-16,ph01,66,0,0,8,1.789469,1,2.321975,1,0.03,NaN
2021-11-16,ph01,66,0,0,8,2.639585,2,3.175799,1,0.03,NaN
2021-11-16,ph01,66,0,0,8,3.531641,2,4.079712,1,0.03,NaN
2021-11-16,ph01,66,0,0,8,4.452539,2,4.988133,1,0.03,NaN
2021-11-16,ph01,66,0,0,8,5.353897,1,5.871114,1,0.03,NaN
2021-11-16,ph01,66,0,0,8,6.193191,2,6.847043,1,0.03,NaN
2021-11-16,ph01,66,0,0,8,7.086169,2,7.625,1,0.03,NaN
2021-11-16,ph01,66,0,0,8,8.001358,1,8.51861,1,0.03,NaN
2021-11-16,ph01,67,0,0,8,1.660367,2,2.176403,1,0.03,NaN
2021-11-16,ph01,67,0,0,8,2.557128,2,3.025569,1,0.03,NaN
2021-11-16,ph01,67,0,0,8,3.464472,1,3.947508,1,0.03,NaN
2021-11-16,ph01,67,0,0,8,4.308351,2,4.835177,1,0.03,NaN
2021-11-16,ph01,67,0,0,8,5.214006,2,5.807877,1,0.03,NaN
2021-11-16,ph01,67,0,0,8,6.12535,2,6.632182,1,0.03,NaN
2021-11-16,ph01,67,0,0,8,7.024039,1,7.529915,1,0.03,NaN
2021-11-16,ph01,67,0,0,8,7.87886,2,8.46545,1,0.03,NaN
2021-11-16,ph01,68,0,0,7,1.275761,2,1.786105,1,0.03,NaN
2021-11-16,ph01,68,0,0,7,2.176342,2,2.680851,1,0.03,NaN
2021-11-16,ph01,68,0,0,7,3.097787,2,3.536048,1,0.03,NaN
2021-11-16,ph01,68,0,0,7,3.993367,2,4.498071,1,0.03,NaN
2021-11-16,ph01,68,0,0,7,4.908018,1,5.446789,1,0.03,NaN
2021-11-16,ph01,68,0,0,7,5.746942,1,6.280158,1,0.03,NaN
2021-11-16,ph01,68,0,0,7,7.939615,1,8.462538,1,0.03,NaN
2021-11-16,ph01,69,0,0,7,1.540328,2,2.077013,1,0.03,NaN
2021-11-16,ph01,69,0,0,7,2.443371,1,3.063757,1,0.03,NaN
2021-11-16,ph01,69,0,0,7,3.282102,2,3.858383,1,0.03,NaN
2021-11-16,ph01,69,0,0,7,4.193159,2,4.676133,1,0.03,NaN
2021-11-16,ph01,69,0,0,7,5.106223,1,5.790223,1,0.03,NaN
2021-11-16,ph01,69,0,0,7,5.944865,2,6.468554,1,0.03,NaN
2021-11-16,ph01,69,0,0,7,6.859046,2,7.369674,1,0.03,NaN
2021-11-16,ph01,70,0,0,8,1.775053,2,2.287359,1,0.03,NaN
2021-11-16,ph01,70,0,0,8,2.676219,2,3.176275,1,0.03,NaN
2021-11-16,ph01,70,0,0,8,3.578199,1,4.159432,1,0.03,NaN
2021-11-16,ph01,70,0,0,8,4.420128,1,4.980527,1,0.03,NaN
2021-11-16,ph01,70,0,0,8,5.26548,1,5.708683,1,0.03,NaN
2021-11-16,ph01,70,0,0,8,6.257259,1,6.718983,1,0.03,NaN
2021-11-16,ph01,70,0,0,8,7.324055,1,7.818967,1,0.03,NaN
2021-11-16,ph01,70,0,0,8,8.164096,2,8.7037,1,0.03,NaN
2021-11-16,ph01,71,0,0,8,1.604327,1,2.147234,1,0.03,NaN
2021-11-16,ph01,71,0,0,8,2.463749,2,3.008106,1,0.03,NaN
2021-11-16,ph01,71,0,0,8,3.364778,1,4.151745,1,0.03,NaN
2021-11-16,ph01,71,0,0,8,4.218944,1,4.820432,1,0.03,NaN
2021-11-16,ph01,71,0,0,8,5.053181,1,5.581181,1,0.03,NaN
2021-11-16,ph01,71,0,0,8,5.897952,1,6.468649,1,0.03,NaN
2021-11-16,ph01,71,0,0,8,6.740341,1,7.240836,1,0.03,NaN
2021-11-16,ph01,71,0,0,8,7.574779,2,8.080349,1,0.03,NaN
2021-11-16,ph01,72,0,0,8,1.608795,1,2.106339,1,0.03,NaN
2021-11-16,ph01,72,0,0,8,2.447778,1,3.031882,1,0.03,NaN
2021-11-16,ph01,72,0,0,8,3.288834,1,3.753226,1,0.03,NaN
2021-11-16,ph01,72,0,0,8,4.115862,2,4.625816,1,0.03,NaN
2021-11-16,ph01,72,0,0,8,5.003253,1,5.624601,1,0.03,NaN
2021-11-16,ph01,72,0,0,8,5.841531,2,6.314664,1,0.03,NaN
2021-11-16,ph01,72,0,0,8,6.751674,1,7.352246,1,0.03,NaN
2021-11-16,ph01,72,0,0,8,7.585479,1,8.246464,1,0.03,NaN
2021-11-16,ph01,73,0,0,7,1.610545,1,2.083158,1,0.03,NaN
2021-11-16,ph01,73,0,0,7,2.453403,1,2.902784,1,0.03,NaN
2021-11-16,ph01,73,0,0,7,3.285448,1,3.81753,0,0.03,NaN
2021-11-16,ph01,73,0,0,7,4.141912,2,4.697424,1,0.03,NaN
2021-11-16,ph01,73,0,0,7,5.047182,2,5.557959,1,0.03,NaN
2021-11-16,ph01,73,0,0,7,5.950321,1,6.51869,1,0.03,NaN
2021-11-16,ph01,73,0,0,7,6.896583,2,7.42936,1,0.03,NaN
2021-11-16,ph01,74,0,0,8,1.805436,2,2.331414,1,0.03,NaN
2021-11-16,ph01,74,0,0,8,2.715281,1,3.264391,1,0.03,NaN
2021-11-16,ph01,74,0,0,8,3.564893,2,4.064497,1,0.03,NaN
2021-11-16,ph01,74,0,0,8,4.453726,2,4.962934,1,0.03,NaN
2021-11-16,ph01,74,0,0,8,5.369686,1,5.884691,1,0.03,NaN
2021-11-16,ph01,74,0,0,8,6.428358,2,6.952366,1,0.03,NaN
2021-11-16,ph01,74,0,0,8,7.328969,1,7.873273,1,0.03,NaN
2021-11-16,ph01,74,0,0,8,8.173857,1,8.773608,1,0.03,NaN
2021-11-16,ph01,75,0,0,8,1.398606,2,1.887471,1,0.03,NaN
2021-11-16,ph01,75,0,0,8,2.292542,2,2.741959,1,0.03,NaN
2021-11-16,ph01,75,0,0,8,3.208672,2,3.637608,1,0.03,NaN
2021-11-16,ph01,75,0,0,8,4.108917,2,4.493757,1,0.03,NaN
2021-11-16,ph01,75,0,0,8,5.002625,1,5.551353,1,0.03,NaN
2021-11-16,ph01,75,0,0,8,5.852151,2,6.29072,1,0.03,NaN
2021-11-16,ph01,75,0,0,8,6.761067,1,7.263923,1,0.03,NaN
2021-11-16,ph01,75,0,0,8,7.595281,1,8.028686,1,0.03,NaN
2021-11-16,ph01,76,0,0,8,1.780969,1,2.375067,1,0.03,NaN
2021-11-16,ph01,76,0,0,8,2.618097,1,3.036133,1,0.03,NaN
2021-11-16,ph01,76,0,0,8,3.476165,2,4.018994,1,0.03,NaN
2021-11-16,ph01,76,0,0,8,4.376108,2,4.96891,1,0.03,NaN
2021-11-16,ph01,76,0,0,8,5.292437,2,5.768275,1,0.03,NaN
2021-11-16,ph01,76,0,0,8,6.195906,2,6.603691,1,0.03,NaN
2021-11-16,ph01,76,0,0,8,7.105392,2,7.517867,1,0.03,NaN
2021-11-16,ph01,76,0,0,8,8.017757,2,8.4785,1,0.03,NaN
2021-11-16,ph01,77,0,0,8,1.720801,1,2.220109,1,0.03,NaN
2021-11-16,ph01,77,0,0,8,2.565937,1,3.115162,1,0.03,NaN
2021-11-16,ph01,77,0,0,8,3.419946,2,3.919506,1,0.03,NaN
2021-11-16,ph01,77,0,0,8,4.319922,1,5.074768,0,0.03,NaN
2021-11-16,ph01,77,0,0,8,5.174515,2,5.686425,1,0.03,NaN
2021-11-16,ph01,77,0,0,8,6.078853,1,6.607408,1,0.03,NaN
2021-11-16,ph01,77,0,0,8,6.91856,1,7.495829,1,0.03,NaN
2021-11-16,ph01,77,0,0,8,7.790937,1,8.309832,1,0.03,NaN
2021-11-16,ph01,78,0,0,7,1.319033,2,1.880881,1,0.03,NaN
2021-11-16,ph01,78,0,0,7,2.240842,2,2.793452,1,0.03,NaN
2021-11-16,ph01,78,0,0,7,3.142408,1,3.758081,1,0.03,NaN
2021-11-16,ph01,78,0,0,7,3.981728,2,4.479248,1,0.03,NaN
2021-11-16,ph01,78,0,0,7,4.886371,1,5.414136,1,0.03,NaN
2021-11-16,ph01,78,0,0,7,5.731511,1,6.201742,1,0.03,NaN
2021-11-16,ph01,78,0,0,7,6.572877,2,7.073901,1,0.03,NaN
2021-11-16,ph01,79,0,0,7,1.736724,2,2.228783,1,0.03,NaN
2021-11-16,ph01,79,0,0,7,2.639789,2,3.054864,1,0.03,NaN
2021-11-16,ph01,79,0,0,7,3.534044,1,4.033512,1,0.03,NaN
2021-11-16,ph01,79,0,0,7,4.378056,1,4.822187,1,0.03,NaN
2021-11-16,ph01,79,0,0,7,5.225978,2,5.767346,1,0.03,NaN
2021-11-16,ph01,79,0,0,7,6.13409,2,6.621512,1,0.03,NaN
2021-11-16,ph01,79,0,0,7,7.033011,1,7.559439,1,0.03,NaN
2021-11-16,ph01,81,0,0,8,1.787199,1,2.292625,1,0.03,NaN
2021-11-16,ph01,81,0,0,8,2.641598,1,3.339519,1,0.03,NaN
2021-11-16,ph01,81,0,0,8,3.485997,1,4.030013,1,0.03,NaN
2021-11-16,ph01,81,0,0,8,4.331848,1,4.753306,1,0.03,NaN
2021-11-16,ph01,81,0,0,8,5.174561,1,5.702187,1,0.03,NaN
2021-11-16,ph01,81,0,0,8,6.01708,1,6.518719,1,0.03,NaN
2021-11-16,ph01,81,0,0,8,6.961452,2,7.559258,1,0.03,NaN
2021-11-16,ph01,81,0,0,8,7.868549,1,8.52849,1,0.03,NaN
2021-11-16,ph01,82,0,0,7,1.671829,1,2.138063,1,0.03,NaN
2021-11-16,ph01,82,0,0,7,2.525958,2,2.998504,1,0.03,NaN
2021-11-16,ph01,82,0,0,7,3.426068,1,4.014761,1,0.03,NaN
2021-11-16,ph01,82,0,0,7,4.281184,1,4.786812,1,0.03,NaN
2021-11-16,ph01,82,0,0,7,5.114163,1,5.580333,1,0.03,NaN
2021-11-16,ph01,82,0,0,7,5.958679,1,6.357913,1,0.03,NaN
2021-11-16,ph01,82,0,0,7,6.787248,2,7.20162,1,0.03,NaN
2021-11-16,ph01,83,0,0,8,1.583806,2,2.133911,1,0.03,NaN
2021-11-16,ph01,83,0,0,8,2.482667,1,2.994087,1,0.03,NaN
2021-11-16,ph01,83,0,0,8,3.344069,1,3.955401,1,0.03,NaN
2021-11-16,ph01,83,0,0,8,4.187946,2,4.704142,1,0.03,NaN
2021-11-16,ph01,83,0,0,8,5.076858,1,5.709964,1,0.03,NaN
2021-11-16,ph01,83,0,0,8,5.921149,1,6.69821,0,0.03,NaN
2021-11-16,ph01,83,0,0,8,6.764768,2,7.343477,1,0.03,NaN
2021-11-16,ph01,83,0,0,8,7.663945,2,8.230825,1,0.03,NaN
2021-11-16,ph01,84,0,0,8,1.486796,2,1.962122,1,0.03,NaN
2021-11-16,ph01,84,0,0,8,2.383205,2,2.794473,1,0.03,NaN
2021-11-16,ph01,84,0,0,8,3.294515,2,3.671565,1,0.03,NaN
2021-11-16,ph01,84,0,0,8,4.203429,1,4.609939,0,0.03,NaN
2021-11-16,ph01,84,0,0,8,5.048929,2,5.481599,1,0.03,NaN
2021-11-16,ph01,84,0,0,8,5.959254,2,6.385004,1,0.03,NaN
2021-11-16,ph01,84,0,0,8,6.852621,1,7.35848,1,0.03,NaN
2021-11-16,ph01,84,0,0,8,7.6917,2,8.280214,1,0.03,NaN
2021-11-16,ph01,85,0,0,7,1.176577,2,1.642797,1,0.03,NaN
2021-11-16,ph01,85,0,0,7,2.082178,2,2.49816,1,0.03,NaN
2021-11-16,ph01,85,0,0,7,2.989929,2,3.419949,1,0.03,NaN
2021-11-16,ph01,85,0,0,7,3.897422,2,4.319358,1,0.03,NaN
2021-11-16,ph01,85,0,0,7,4.796987,2,5.191015,1,0.03,NaN
2021-11-16,ph01,85,0,0,7,5.706091,1,6.228095,1,0.03,NaN
2021-11-16,ph01,85,0,0,7,7.368696,2,7.929026,1,0.03,NaN
2021-11-16,ph01,86,0,0,7,1.375908,2,1.841003,1,0.03,NaN
2021-11-16,ph01,86,0,0,7,2.286734,1,2.758896,1,0.03,NaN
2021-11-16,ph01,86,0,0,7,3.141418,2,3.597981,1,0.03,NaN
2021-11-16,ph01,86,0,0,7,4.05393,1,4.691909,1,0.03,NaN
2021-11-16,ph01,86,0,0,7,4.891664,2,5.385371,1,0.03,NaN
2021-11-16,ph01,86,0,0,7,5.795983,2,6.306785,1,0.03,NaN
2021-11-16,ph01,86,0,0,7,6.696026,1,7.307538,1,0.03,NaN
2021-11-16,ph01,87,0,0,8,1.754634,2,2.26496,1,0.03,NaN
2021-11-16,ph01,87,0,0,8,2.666332,2,3.148593,1,0.03,NaN
2021-11-16,ph01,87,0,0,8,3.56297,1,4.108731,1,0.03,NaN
2021-11-16,ph01,87,0,0,8,4.420344,1,5.041503,1,0.03,NaN
2021-11-16,ph01,87,0,0,8,5.25771,2,5.796053,1,0.03,NaN
2021-11-16,ph01,87,0,0,8,6.162161,1,6.796527,1,0.03,NaN
2021-11-16,ph01,87,0,0,8,7.007506,1,7.508479,0,0.03,NaN
2021-11-16,ph01,87,0,0,8,7.846392,1,8.462639,0,0.03,NaN
2021-11-16,ph01,88,0,0,7,1.377346,2,1.887272,1,0.03,NaN
2021-11-16,ph01,88,0,0,7,2.29354,2,2.764385,1,0.03,NaN
2021-11-16,ph01,88,0,0,7,3.198159,1,3.676306,1,0.03,NaN
2021-11-16,ph01,88,0,0,7,4.042959,1,4.580155,1,0.03,NaN
2021-11-16,ph01,88,0,0,7,4.88399,2,5.375134,1,0.03,NaN
2021-11-16,ph01,88,0,0,7,5.791493,2,6.264931,1,0.03,NaN
2021-11-16,ph01,88,0,0,7,6.697006,1,7.195652,1,0.03,NaN
2021-11-16,ph01,89,0,0,7,1.625443,1,2.202282,1,0.03,NaN
2021-11-16,ph01,89,0,0,7,2.464741,1,2.931173,0,0.03,NaN
2021-11-16,ph01,89,0,0,7,3.299633,1,3.842035,1,0.03,NaN
2021-11-16,ph01,89,0,0,7,4.141637,2,4.693915,1,0.03,NaN
2021-11-16,ph01,89,0,0,7,5.040154,2,5.585348,1,0.03,NaN
2021-11-16,ph01,89,0,0,7,5.946172,2,6.696384,1,0.03,NaN
2021-11-16,ph01,89,0,0,7,7.495847,1,8.123526,1,0.03,NaN
2021-11-16,ph01,90,0,0,7,1.77603,2,2.288854,1,0.03,NaN
2021-11-16,ph01,90,0,0,7,2.665514,1,3.195048,1,0.03,NaN
2021-11-16,ph01,90,0,0,7,3.512652,1,4.195771,0,0.03,NaN
2021-11-16,ph01,90,0,0,7,4.351737,2,4.908857,1,0.03,NaN
2021-11-16,ph01,90,0,0,7,5.268499,2,5.80195,1,0.03,NaN
2021-11-16,ph01,90,0,0,7,6.174022,1,6.673647,1,0.03,NaN
2021-11-16,ph01,90,0,0,7,7.527984,1,8.194775,1,0.03,NaN
2021-11-16,ph01,91,0,0,8,1.782136,2,2.288222,1,0.03,NaN
2021-11-16,ph01,91,0,0,8,2.687442,1,3.375854,0,0.03,NaN
2021-11-16,ph01,91,0,0,8,3.531285,1,4.02039,1,0.03,NaN
2021-11-16,ph01,91,0,0,8,4.375705,1,4.891398,1,0.03,NaN
2021-11-16,ph01,91,0,0,8,5.21809,2,5.748608,1,0.03,NaN
2021-11-16,ph01,91,0,0,8,6.107049,1,6.769134,1,0.03,NaN
2021-11-16,ph01,91,0,0,8,6.962801,2,7.57403,1,0.03,NaN
2021-11-16,ph01,91,0,0,8,7.861167,2,8.451979,1,0.03,NaN
2021-11-16,ph01,92,0,0,8,1.675158,2,2.225153,1,0.03,NaN
2021-11-16,ph01,92,0,0,8,2.571756,2,3.037531,1,0.03,NaN
2021-11-16,ph01,92,0,0,8,3.464824,1,4.126073,1,0.03,NaN
2021-11-16,ph01,92,0,0,8,4.319608,2,4.771996,1,0.03,NaN
2021-11-16,ph01,92,0,0,8,5.227074,2,5.7966,1,0.03,NaN
2021-11-16,ph01,92,0,0,8,6.119224,1,6.663983,1,0.03,NaN
2021-11-16,ph01,92,0,0,8,6.974332,2,7.558136,1,0.03,NaN
2021-11-16,ph01,92,0,0,8,7.874355,1,8.52877,1,0.03,NaN
2021-11-16,ph01,93,0,0,8,1.787956,2,2.330187,1,0.03,NaN
2021-11-16,ph01,93,0,0,8,2.703692,2,3.131569,1,0.03,NaN
2021-11-16,ph01,93,0,0,8,3.609205,2,3.99801,1,0.03,NaN
2021-11-16,ph01,93,0,0,8,4.509712,1,5.159475,0,0.03,NaN
2021-11-16,ph01,93,0,0,8,5.34756,2,5.8415,1,0.03,NaN
2021-11-16,ph01,93,0,0,8,6.252682,1,6.846449,1,0.03,NaN
2021-11-16,ph01,93,0,0,8,7.085717,2,7.718698,1,0.03,NaN
2021-11-16,ph01,93,0,0,8,8.000346,2,8.517843,1,0.03,NaN
2021-11-16,ph01,94,0,0,8,1.626092,1,2.241987,1,0.03,NaN
2021-11-16,ph01,94,0,0,8,2.465329,1,2.959757,1,0.03,NaN
2021-11-16,ph01,94,0,0,8,3.305544,2,3.760398,1,0.03,NaN
2021-11-16,ph01,94,0,0,8,4.242153,1,4.669715,0,0.03,NaN
2021-11-16,ph01,94,0,0,8,5.196676,1,5.563608,0,0.03,NaN
2021-11-16,ph01,94,0,0,8,6.041458,1,6.501987,0,0.03,NaN
2021-11-16,ph01,94,0,0,8,7.217469,1,7.840676,1,0.03,NaN
2021-11-16,ph01,94,0,0,8,8.184531,2,8.712171,1,0.03,NaN
2021-11-16,ph01,95,0,0,8,1.764975,1,2.304295,1,0.03,NaN
2021-11-16,ph01,95,0,0,8,2.615223,2,3.081696,1,0.03,NaN
2021-11-16,ph01,95,0,0,8,3.510464,2,3.954236,1,0.03,NaN
2021-11-16,ph01,95,0,0,8,4.442541,2,4.81971,1,0.03,NaN
2021-11-16,ph01,95,0,0,8,5.341729,2,5.736127,1,0.03,NaN
2021-11-16,ph01,95,0,0,8,6.246012,2,6.62942,1,0.03,NaN
2021-11-16,ph01,95,0,0,8,7.153398,1,7.862401,0,0.03,NaN
2021-11-16,ph01,95,0,0,8,7.985044,1,8.494331,1,0.03,NaN
2021-11-16,ph01,96,0,0,8,1.776345,1,2.342495,1,0.03,NaN
2021-11-16,ph01,96,0,0,8,2.623116,2,3.148385,1,0.03,NaN
2021-11-16,ph01,96,0,0,8,3.532809,2,3.992756,1,0.03,NaN
2021-11-16,ph01,96,0,0,8,4.430248,1,4.974373,1,0.03,NaN
2021-11-16,ph01,96,0,0,8,5.265768,1,5.759098,1,0.03,NaN
2021-11-16,ph01,96,0,0,8,6.118573,2,6.70811,1,0.03,NaN
2021-11-16,ph01,96,0,0,8,7.029332,2,7.579201,1,0.03,NaN
2021-11-16,ph01,96,0,0,8,7.924811,2,8.527993,1,0.03,NaN
2021-11-16,ph01,97,0,0,7,1.769709,2,2.23555,1,0.03,NaN
2021-11-16,ph01,97,0,0,7,2.666327,2,3.068858,1,0.03,NaN
2021-11-16,ph01,97,0,0,7,3.56798,2,3.956846,1,0.03,NaN
2021-11-16,ph01,97,0,0,7,4.469074,1,4.967317,0,0.03,NaN
2021-11-16,ph01,97,0,0,7,5.302982,1,5.750346,0,0.03,5.045198
2021-11-16,ph01,97,0,0,7,6.144492,2,6.667323,1,0.03,5.045198
2021-11-16,ph01,97,0,0,7,7.055934,1,7.739314,0,0.03,5.045198
2021-11-16,ph01,98,0,0,7,1.721521,1,2.192588,1,0.03,NaN
2021-11-16,ph01,98,0,0,7,2.565545,2,3.020645,1,0.03,NaN
2021-11-16,ph01,98,0,0,7,3.465436,1,3.931037,0,0.03,NaN
2021-11-16,ph01,98,0,0,7,4.308806,2,4.748147,1,0.03,NaN
2021-11-16,ph01,98,0,0,7,5.217731,2,5.618147,1,0.03,NaN
2021-11-16,ph01,98,0,0,7,6.107721,1,6.513587,0,0.03,NaN
2021-11-16,ph01,98,0,0,7,6.952595,2,7.39646,1,0.03,NaN
2021-11-16,ph01,99,0,0,8,1.814577,2,2.337012,1,0.03,NaN
2021-11-16,ph01,99,0,0,8,2.710027,1,3.286778,1,0.03,NaN
2021-11-16,ph01,99,0,0,8,3.553843,1,4.108952,1,0.03,NaN
2021-11-16,ph01,99,0,0,8,4.401875,1,4.886137,1,0.03,NaN
2021-11-16,ph01,99,0,0,8,5.241508,2,5.674528,1,0.03,NaN
2021-11-16,ph01,99,0,0,8,6.152023,1,6.674612,1,0.03,NaN
2021-11-16,ph01,99,0,0,8,6.99112,1,7.491277,1,0.03,NaN
2021-11-16,ph01,99,0,0,8,7.840281,2,8.423738,1,0.03,NaN
2021-11-16,ph01,100,0,0,7,1.652813,1,2.226025,1,0.03,NaN
2021-11-16,ph01,100,0,0,7,2.488244,2,2.975747,1,0.03,NaN
2021-11-16,ph01,100,0,0,7,3.386901,1,3.936147,1,0.03,NaN
2021-11-16,ph01,100,0,0,7,4.247566,1,4.713783,1,0.03,NaN
2021-11-16,ph01,100,0,0,7,5.096702,1,5.646632,1,0.03,NaN
2021-11-16,ph01,100,0,0,7,5.957277,2,6.478881,1,0.03,NaN
2021-11-16,ph01,100,0,0,7,6.858623,2,7.417665,1,0.03,NaN
2021-11-16,ph01,101,0,0,8,1.772119,2,2.282609,1,0.03,NaN
2021-11-16,ph01,101,0,0,8,2.671819,2,3.070799,1,0.03,NaN
2021-11-16,ph01,101,0,0,8,3.570482,2,4.004311,1,0.03,NaN
2021-11-16,ph01,101,0,0,8,4.481141,1,5.014444,1,0.03,NaN
2021-11-16,ph01,101,0,0,8,5.316119,1,5.785102,1,0.03,NaN
2021-11-16,ph01,101,0,0,8,6.48033,1,6.912817,1,0.03,NaN
2021-11-16,ph01,101,0,0,8,7.469872,1,7.923795,1,0.03,NaN
2021-11-16,ph01,101,0,0,8,8.309485,2,8.775773,1,0.03,NaN
2021-11-16,ph01,102,0,0,7,1.604067,2,2.106238,1,0.03,NaN
2021-11-16,ph01,102,0,0,7,2.503418,1,3.063015,1,0.03,NaN
2021-11-16,ph01,102,0,0,7,3.364359,2,3.841943,1,0.03,NaN
2021-11-16,ph01,102,0,0,7,4.264592,2,4.731149,1,0.03,NaN
2021-11-16,ph01,102,0,0,7,5.156744,1,5.666873,1,0.03,NaN
2021-11-16,ph01,102,0,0,7,6.017563,2,6.446048,1,0.03,NaN
2021-11-16,ph01,102,0,0,7,8.206009,1,8.795204,1,0.03,NaN
2021-11-16,ph01,103,0,0,8,1.632041,1,2.165875,1,0.03,NaN
2021-11-16,ph01,103,0,0,8,2.47626,1,2.969872,1,0.03,NaN
2021-11-16,ph01,103,0,0,8,3.319954,1,3.927379,1,0.03,NaN
2021-11-16,ph01,103,0,0,8,4.16403,1,4.619453,1,0.03,NaN
2021-11-16,ph01,103,0,0,8,5.107922,2,5.541137,1,0.03,NaN
2021-11-16,ph01,103,0,0,8,5.996639,1,6.618487,1,0.03,NaN
2021-11-16,ph01,103,0,0,8,6.840606,1,7.373528,1,0.03,NaN
2021-11-16,ph01,103,0,0,8,7.685665,1,8.195374,1,0.03,NaN
2021-11-16,ph01,104,0,0,8,1.766297,2,2.265604,1,0.03,NaN
2021-11-16,ph01,104,0,0,8,2.688545,2,3.154565,1,0.03,NaN
2021-11-16,ph01,104,0,0,8,3.588008,1,4.176041,1,0.03,NaN
2021-11-16,ph01,104,0,0,8,4.431421,2,5.108957,1,0.03,NaN
2021-11-16,ph01,104,0,0,8,5.33214,1,5.886759,1,0.03,NaN
2021-11-16,ph01,104,0,0,8,6.2084,2,6.808521,1,0.03,NaN
2021-11-16,ph01,104,0,0,8,7.107941,1,7.597468,1,0.03,NaN
2021-11-16,ph01,104,0,0,8,7.968754,2,8.562789,1,0.03,NaN
2021-11-16,ph01,105,0,0,8,1.797466,2,2.242611,1,0.02,NaN
2021-11-16,ph01,105,0,0,8,2.686836,2,3.075583,1,0.02,NaN
2021-11-16,ph01,105,0,0,8,3.581059,2,3.89167,1,0.02,NaN
2021-11-16,ph01,105,0,0,8,4.469261,1,4.928772,1,0.02,NaN
2021-11-16,ph01,105,0,0,8,5.30918,2,5.807474,1,0.02,NaN
2021-11-16,ph01,105,0,0,8,6.196051,2,6.773486,1,0.02,NaN
2021-11-16,ph01,105,0,0,8,7.095419,1,7.695226,1,0.02,NaN
2021-11-16,ph01,105,0,0,8,7.945334,1,8.439753,1,0.02,NaN
2021-11-16,ph01,106,0,0,8,1.731817,2,2.226249,1,0.02,NaN
2021-11-16,ph01,106,0,0,8,2.63755,2,3.131843,1,0.02,NaN
2021-11-16,ph01,106,0,0,8,3.531755,2,4.054007,1,0.02,NaN
2021-11-16,ph01,106,0,0,8,4.442406,2,4.852667,1,0.02,NaN
2021-11-16,ph01,106,0,0,8,5.346224,2,5.757079,1,0.02,NaN
2021-11-16,ph01,106,0,0,8,6.231052,2,6.619229,1,0.02,NaN
2021-11-16,ph01,106,0,0,8,7.107646,2,7.507802,1,0.02,NaN
2021-11-16,ph01,106,0,0,8,8.007331,2,8.49087,1,0.02,NaN
2021-11-16,ph01,107,0,0,8,1.579689,1,2.157525,1,0.01,NaN
2021-11-16,ph01,107,0,0,8,2.413151,2,2.918199,1,0.01,NaN
2021-11-16,ph01,107,0,0,8,3.307479,1,4.017493,0,0.01,NaN
2021-11-16,ph01,107,0,0,8,4.145161,2,4.601198,1,0.01,NaN
2021-11-16,ph01,107,0,0,8,5.023431,1,5.444474,0,0.01,NaN
2021-11-16,ph01,107,0,0,8,5.871131,2,6.288212,1,0.01,NaN
2021-11-16,ph01,107,0,0,8,6.877213,1,7.304886,0,0.01,NaN
2021-11-16,ph01,107,0,0,8,7.722042,2,8.265682,1,0.01,NaN
2021-11-16,ph01,108,0,0,7,1.63818,1,2.260013,1,0.01,NaN
2021-11-16,ph01,108,0,0,7,2.487717,2,3.037967,0,0.01,NaN
2021-11-16,ph01,108,0,0,7,3.360507,2,3.865553,1,0.01,NaN
2021-11-16,ph01,108,0,0,7,4.23153,2,4.759013,1,0.01,NaN
2021-11-16,ph01,108,0,0,7,5.109453,2,5.89684,0,0.01,NaN
2021-11-16,ph01,108,0,0,7,6.007615,2,0,0,0.01,NaN
2021-11-16,ph01,108,0,0,7,7.940775,2,8.607208,0,0.01,7.25766
2021-11-16,ph01,109,0,0,7,1.48813,2,2.005335,1,0.01,NaN
2021-11-16,ph01,109,0,0,7,2.377552,1,2.961579,1,0.01,NaN
2021-11-16,ph01,109,0,0,7,3.215445,1,3.653181,0,0.01,NaN
2021-11-16,ph01,109,0,0,7,4.0646,1,4.648031,1,0.01,NaN
2021-11-16,ph01,109,0,0,7,4.986323,2,5.664109,1,0.01,NaN
2021-11-16,ph01,109,0,0,7,5.86638,2,6.513357,1,0.01,NaN
2021-11-16,ph01,109,0,0,7,6.774508,1,7.351724,1,0.01,NaN
2021-11-16,ph01,110,0,0,7,1.507462,1,2.15529,1,0.01,NaN
2021-11-16,ph01,110,0,0,7,2.343686,2,2.799104,1,0.01,NaN
2021-11-16,ph01,110,0,0,7,3.22154,2,3.774333,1,0.01,NaN
2021-11-16,ph01,110,0,0,7,4.099693,1,4.722816,1,0.01,NaN
2021-11-16,ph01,110,0,0,7,4.942664,2,5.696726,1,0.01,NaN
2021-11-16,ph01,110,0,0,7,5.808695,2,6.35259,1,0.01,NaN
2021-11-16,ph01,110,0,0,7,6.685523,2,7.174402,1,0.01,NaN
2021-11-16,ph01,111,0,0,8,1.665743,1,2.115074,1,0.01,NaN
2021-11-16,ph01,111,0,0,8,2.530214,1,3.087399,1,0.01,NaN
2021-11-16,ph01,111,0,0,8,3.364465,2,3.891765,1,0.01,NaN
2021-11-16,ph01,111,0,0,8,4.241659,1,4.841292,1,0.01,NaN
2021-11-16,ph01,111,0,0,8,5.085697,1,5.575495,0,0.01,NaN
2021-11-16,ph01,111,0,0,8,5.931121,1,6.474262,0,0.01,NaN
2021-11-16,ph01,111,0,0,8,7.130014,2,7.707313,1,0.01,NaN
2021-11-16,ph01,111,0,0,8,8.028944,2,8.722277,1,0.01,NaN
2021-11-16,ph01,112,0,0,8,1.610719,1,2.098771,1,0.01,NaN
2021-11-16,ph01,112,0,0,8,2.465446,1,2.925649,1,0.01,NaN
2021-11-16,ph01,112,0,0,8,3.298488,1,3.863983,0,0.01,NaN
2021-11-16,ph01,112,0,0,8,4.139661,1,4.864034,1,0.01,NaN
2021-11-16,ph01,112,0,0,8,4.991621,1,5.562612,1,0.01,NaN
2021-11-16,ph01,112,0,0,8,5.830171,2,6.429381,1,0.01,5.654156
2021-11-16,ph01,112,0,0,8,6.718513,1,7.373221,1,0.01,5.654156
2021-11-16,ph01,112,0,0,8,7.562284,2,8.118979,0,0.01,5.654156
2021-11-16,ph01,113,0,0,8,1.625259,2,2.252824,1,0.01,NaN
2021-11-16,ph01,113,0,0,8,2.499553,1,3.019858,1,0.01,NaN
2021-11-16,ph01,113,0,0,8,3.341501,2,3.808521,0,0.01,NaN
2021-11-16,ph01,113,0,0,8,4.220478,1,4.694414,1,0.01,NaN
2021-11-16,ph01,113,0,0,8,5.063558,1,5.497013,1,0.01,NaN
2021-11-16,ph01,113,0,0,8,5.924477,2,6.546326,1,0.01,NaN
2021-11-16,ph01,113,0,0,8,6.978615,2,7.695871,1,0.01,NaN
2021-11-16,ph01,113,0,0,8,7.873207,1,8.423239,1,0.01,NaN
2021-11-16,ph01,114,0,0,8,1.41476,2,2.058883,0,0.01,NaN
2021-11-16,ph01,114,0,0,8,2.296907,1,2.774791,1,0.01,NaN
2021-11-16,ph01,114,0,0,8,3.139846,1,3.6236,1,0.01,NaN
2021-11-16,ph01,114,0,0,8,3.979235,1,4.47294,1,0.01,NaN
2021-11-16,ph01,114,0,0,8,4.823288,1,5.278557,1,0.01,NaN
2021-11-16,ph01,114,0,0,8,5.722757,1,6.349816,1,0.01,NaN
2021-11-16,ph01,114,0,0,8,6.565761,2,7.128437,1,0.01,NaN
2021-11-16,ph01,114,0,0,8,7.447776,2,7.95494,1,0.01,NaN
2021-11-16,ph01,115,0,0,8,1.754835,2,2.232957,1,0.01,NaN
2021-11-16,ph01,115,0,0,8,2.643897,1,3.163974,1,0.01,NaN
2021-11-16,ph01,115,0,0,8,3.476145,2,3.947059,1,0.01,NaN
2021-11-16,ph01,115,0,0,8,4.359822,2,4.846014,1,0.01,NaN
2021-11-16,ph01,115,0,0,8,5.227355,2,5.707414,1,0.01,NaN
2021-11-16,ph01,115,0,0,8,6.107012,2,6.596289,1,0.01,NaN
2021-11-16,ph01,115,0,0,8,6.974458,2,7.429598,1,0.01,NaN
2021-11-16,ph01,115,0,0,8,7.857077,2,8.299244,1,0.01,NaN
2021-11-16,ph01,116,0,0,8,1.809681,2,2.341033,1,0.01,NaN
2021-11-16,ph01,116,0,0,8,2.709979,1,3.270204,1,0.01,NaN
2021-11-16,ph01,116,0,0,8,3.553994,1,4.047534,1,0.01,NaN
2021-11-16,ph01,116,0,0,8,4.397377,1,5.007765,1,0.01,NaN
2021-11-16,ph01,116,0,0,8,5.230461,1,5.853025,1,0.01,NaN
2021-11-16,ph01,116,0,0,8,6.076289,1,6.796886,1,0.01,NaN
2021-11-16,ph01,116,0,0,8,7.284907,1,7.940773,0,0.01,NaN
2021-11-16,ph01,116,0,0,8,8.130126,2,8.716635,1,0.01,NaN
2021-11-16,ph01,117,0,0,8,1.787863,1,2.254047,1,0.01,NaN
2021-11-16,ph01,117,0,0,8,2.62676,1,3.016985,1,0.01,NaN
2021-11-16,ph01,117,0,0,8,3.475367,1,3.937855,0,0.01,NaN
2021-11-16,ph01,117,0,0,8,4.31952,2,4.808898,1,0.01,NaN
2021-11-16,ph01,117,0,0,8,5.186691,2,5.647288,1,0.01,NaN
2021-11-16,ph01,117,0,0,8,6.058171,1,6.48129,0,0.01,NaN
2021-11-16,ph01,117,0,0,8,6.903371,1,7.528898,1,0.01,NaN
2021-11-16,ph01,117,0,0,8,8.146315,1,8.684542,1,0.01,NaN
2021-11-16,ph01,118,0,0,7,1.792576,2,2.337823,1,0.01,NaN
2021-11-16,ph01,118,0,0,7,2.663633,2,3.142915,1,0.01,NaN
2021-11-16,ph01,118,0,0,7,3.564665,2,4.220324,0,0.01,NaN
2021-11-16,ph01,118,0,0,7,4.458356,2,4.996772,0,0.01,NaN
2021-11-16,ph01,118,0,0,7,5.330723,1,0,0,0.01,NaN
2021-11-16,ph01,118,0,0,7,6.175081,1,6.363924,1,0.01,NaN
2021-11-16,ph01,118,0,0,7,8.084534,1,8.728905,1,0.01,6.708013
2021-11-16,ph01,119,0,0,8,1.677309,1,2.152564,1,0.01,NaN
2021-11-16,ph01,119,0,0,8,2.537358,1,2.976044,1,0.01,NaN
2021-11-16,ph01,119,0,0,8,3.386775,1,3.986332,1,0.01,NaN
2021-11-16,ph01,119,0,0,8,4.247247,2,5.026177,1,0.01,NaN
2021-11-16,ph01,119,0,0,8,5.124515,2,5.807966,1,0.01,NaN
2021-11-16,ph01,119,0,0,8,6.019251,1,6.697892,1,0.01,NaN
2021-11-16,ph01,119,0,0,8,6.862959,1,7.329506,0,0.01,NaN
2021-11-16,ph01,119,0,0,8,7.706999,1,0,0,0.01,NaN
2021-11-16,ph01,120,0,0,7,1.230864,1,1.835951,1,0.01,NaN
2021-11-16,ph01,120,0,0,7,2.063353,2,2.612684,1,0.01,NaN
2021-11-16,ph01,120,0,0,7,2.931752,2,3.505884,0,0.01,NaN
2021-11-16,ph01,120,0,0,7,3.807219,2,4.323467,1,0.01,NaN
2021-11-16,ph01,120,0,0,7,4.70717,1,5.255868,1,0.01,NaN
2021-11-16,ph01,120,0,0,7,5.567307,2,6.072278,1,0.01,NaN
2021-11-16,ph01,120,0,0,7,6.450348,2,6.871491,1,0.01,NaN
2021-11-16,ph01,121,0,0,8,1.777298,1,2.288212,1,0.01,NaN
2021-11-16,ph01,121,0,0,8,2.621444,2,3.121734,1,0.01,NaN
2021-11-16,ph01,121,0,0,8,3.498347,1,4.037438,1,0.01,NaN
2021-11-16,ph01,121,0,0,8,4.340876,2,4.991987,0,0.01,NaN
2021-11-16,ph01,121,0,0,8,5.213358,2,5.786941,1,0.01,NaN
2021-11-16,ph01,121,0,0,8,6.086309,1,6.708005,1,0.01,NaN
2021-11-16,ph01,121,0,0,8,6.941607,1,7.522896,1,0.01,NaN
2021-11-16,ph01,121,0,0,8,7.78661,2,8.301977,1,0.01,NaN
2021-11-16,ph01,122,0,0,8,1.720477,2,2.231838,1,0.01,NaN
2021-11-16,ph01,122,0,0,8,2.600461,2,3.286485,0,0.01,NaN
2021-11-16,ph01,122,0,0,8,3.48744,2,3.990924,1,0.01,NaN
2021-11-16,ph01,122,0,0,8,4.385674,2,4.924453,1,0.01,NaN
2021-11-16,ph01,122,0,0,8,5.274194,1,5.796138,1,0.01,NaN
2021-11-16,ph01,122,0,0,8,6.112613,1,6.605133,1,0.01,NaN
2021-11-16,ph01,122,0,0,8,6.956941,1,7.484114,0,0.01,NaN
2021-11-16,ph01,122,0,0,8,7.795577,1,8.362535,1,0.01,7.683959
2021-11-16,ph01,123,0,0,8,1.797665,1,2.215002,1,0.01,NaN
2021-11-16,ph01,123,0,0,8,2.642117,2,3.242707,1,0.01,NaN
2021-11-16,ph01,123,0,0,8,3.510395,1,4.086591,1,0.01,NaN
2021-11-16,ph01,123,0,0,8,4.353191,2,5.0953,1,0.01,NaN
2021-11-16,ph01,123,0,0,8,5.318088,1,5.963525,0,0.01,NaN
2021-11-16,ph01,123,0,0,8,6.15217,1,6.698165,1,0.01,NaN
2021-11-16,ph01,123,0,0,8,6.996237,2,7.790473,1,0.01,NaN
2021-11-16,ph01,123,0,0,8,7.884475,2,8.47341,0,0.01,NaN
2021-11-16,ph01,124,0,0,7,1.788417,1,2.388348,1,0.01,NaN
2021-11-16,ph01,124,0,0,7,2.646994,1,3.06325,1,0.01,NaN
2021-11-16,ph01,124,0,0,7,3.4865,1,3.908298,1,0.01,NaN
2021-11-16,ph01,124,0,0,7,4.331458,2,4.852018,1,0.01,NaN
2021-11-16,ph01,124,0,0,7,5.219455,1,5.980937,1,0.01,NaN
2021-11-16,ph01,124,0,0,7,6.074107,1,6.71776,1,0.01,NaN
2021-11-16,ph01,124,0,0,7,7.707091,1,8.184175,1,0.01,NaN
2021-11-16,ph01,125,0,0,8,1.794098,2,2.260273,1,0.01,NaN
2021-11-16,ph01,125,0,0,8,2.674813,2,3.098382,1,0.01,NaN
2021-11-16,ph01,125,0,0,8,3.564833,2,4.01036,1,0.01,NaN
2021-11-16,ph01,125,0,0,8,4.444613,2,4.952809,1,0.01,NaN
2021-11-16,ph01,125,0,0,8,5.320117,1,5.78318,1,0.01,NaN
2021-11-16,ph01,125,0,0,8,6.153333,1,6.619782,1,0.01,NaN
2021-11-16,ph01,125,0,0,8,6.985672,1,7.45132,1,0.01,NaN
2021-11-16,ph01,125,0,0,8,7.81939,2,8.35138,1,0.01,NaN
2021-11-16,ph01,126,0,0,7,1.771342,1,2.342961,1,0.01,NaN
2021-11-16,ph01,126,0,0,7,2.610535,1,3.109184,1,0.01,NaN
2021-11-16,ph01,126,0,0,7,3.452461,2,3.875796,1,0.01,NaN
2021-11-16,ph01,126,0,0,7,4.326389,1,4.852089,1,0.01,NaN
2021-11-16,ph01,126,0,0,7,5.164658,1,5.619457,0,0.01,NaN
2021-11-16,ph01,126,0,0,7,6.008627,2,6.518685,1,0.01,NaN
2021-11-16,ph01,126,0,0,7,6.896349,1,7.38006,1,0.01,NaN
2021-11-16,ph01,127,0,0,8,1.682225,2,2.336848,1,0.01,NaN
2021-11-16,ph01,127,0,0,8,2.549649,2,3.071627,1,0.01,NaN
2021-11-16,ph01,127,0,0,8,3.421738,2,3.949506,1,0.01,NaN
2021-11-16,ph01,127,0,0,8,4.311754,2,4.84557,1,0.01,NaN
2021-11-16,ph01,127,0,0,8,5.197998,2,5.712008,0,0.01,NaN
2021-11-16,ph01,127,0,0,8,6.064739,2,6.663757,0,0.01,NaN
2021-11-16,ph01,127,0,0,8,6.940148,1,7.456334,1,0.01,NaN
2021-11-16,ph01,127,0,0,8,8.151802,2,8.639367,1,0.01,NaN
2021-11-16,ph01,128,0,0,7,1.597839,2,2.097909,1,0.01,NaN
2021-11-16,ph01,128,0,0,7,2.474824,1,2.975042,1,0.01,NaN
2021-11-16,ph01,128,0,0,7,3.317822,1,3.897044,0,0.01,NaN
2021-11-16,ph01,128,0,0,7,4.163733,1,4.641345,1,0.01,4.108067
2021-11-16,ph01,128,0,0,7,5.007461,1,5.490474,0,0.01,4.108067
2021-11-16,ph01,128,0,0,7,5.849983,1,6.508043,1,0.01,4.108067
2021-11-16,ph01,128,0,0,7,6.695767,1,7.203466,1,0.01,4.108067
2021-11-16,ph01,129,0,0,8,1.77961,1,2.279379,1,0.01,NaN
2021-11-16,ph01,129,0,0,8,2.623472,2,3.222801,1,0.01,NaN
2021-11-16,ph01,129,0,0,8,3.500646,2,4.024095,1,0.01,NaN
2021-11-16,ph01,129,0,0,8,4.394464,2,4.95549,1,0.01,NaN
2021-11-16,ph01,129,0,0,8,5.268675,2,5.90399,0,0.01,NaN
2021-11-16,ph01,129,0,0,8,6.142897,2,6.832989,0,0.01,NaN
2021-11-16,ph01,129,0,0,8,7.038476,1,7.684602,1,0.01,NaN
2021-11-16,ph01,129,0,0,8,7.883802,1,8.439226,1,0.01,NaN
2021-11-16,ph01,130,0,0,7,1.7406,1,2.18626,1,0.01,NaN
2021-11-16,ph01,130,0,0,7,2.601962,2,3.197881,0,0.01,NaN
2021-11-16,ph01,130,0,0,7,3.475572,1,4.097643,1,0.01,NaN
2021-11-16,ph01,130,0,0,7,4.321685,1,4.827954,1,0.01,NaN
2021-11-16,ph01,130,0,0,7,5.162348,2,5.708166,1,0.01,NaN
2021-11-16,ph01,130,0,0,7,6.047117,1,6.618329,1,0.01,NaN
2021-11-16,ph01,130,0,0,7,6.896335,1,7.384823,1,0.01,NaN
2021-11-16,ph01,131,0,0,8,1.52214,2,2.37072,0,0.01,NaN
2021-11-16,ph01,131,0,0,8,2.409729,2,2.992816,0,0.01,NaN
2021-11-16,ph01,131,0,0,8,3.30423,2,3.963778,1,0.01,NaN
2021-11-16,ph01,131,0,0,8,4.185925,1,4.703816,1,0.01,NaN
2021-11-16,ph01,131,0,0,8,5.022278,2,5.552977,1,0.01,NaN
2021-11-16,ph01,131,0,0,8,5.99661,2,6.474827,1,0.01,NaN
2021-11-16,ph01,131,0,0,8,6.886954,1,7.358494,1,0.01,NaN
2021-11-16,ph01,131,0,0,8,7.726833,2,8.250855,1,0.01,NaN
2021-11-16,ph01,132,0,0,8,1.598808,2,2.081927,1,0.01,NaN
2021-11-16,ph01,132,0,0,8,2.498513,1,3.121274,1,0.01,NaN
2021-11-16,ph01,132,0,0,8,3.342739,1,3.843535,1,0.01,NaN
2021-11-16,ph01,132,0,0,8,4.186344,2,4.708616,1,0.01,NaN
2021-11-16,ph01,132,0,0,8,5.080633,2,5.5418,1,0.01,NaN
2021-11-16,ph01,132,0,0,8,5.952796,1,6.452538,1,0.01,NaN
2021-11-16,ph01,132,0,0,8,6.796654,2,7.352664,1,0.01,NaN
2021-11-16,ph01,132,0,0,8,7.662445,1,8.345037,1,0.01,NaN
2021-11-16,ph01,133,0,0,8,1.510014,2,2.097722,1,0.01,NaN
2021-11-16,ph01,133,0,0,8,2.405291,2,2.885844,1,0.01,NaN
2021-11-16,ph01,133,0,0,8,3.286773,1,3.73233,1,0.01,NaN
2021-11-16,ph01,133,0,0,8,4.12119,2,4.579494,0,0.01,NaN
2021-11-16,ph01,133,0,0,8,5.041869,1,5.586127,1,0.01,NaN
2021-11-16,ph01,133,0,0,8,5.89235,1,6.392166,1,0.01,NaN
2021-11-16,ph01,133,0,0,8,7.136671,1,7.593547,0,0.01,NaN
2021-11-16,ph01,133,0,0,8,7.97418,1,8.501136,1,0.01,NaN
2021-11-16,ph01,134,0,0,8,1.776992,1,2.302835,1,0.01,NaN
2021-11-16,ph01,134,0,0,8,2.627385,1,3.090565,1,0.01,NaN
2021-11-16,ph01,134,0,0,8,3.463117,2,4.025301,1,0.01,NaN
2021-11-16,ph01,134,0,0,8,4.344786,1,4.975113,1,0.01,NaN
2021-11-16,ph01,134,0,0,8,5.185873,1,5.870177,1,0.01,NaN
2021-11-16,ph01,134,0,0,8,6.026,2,6.679442,0,0.01,NaN
2021-11-16,ph01,134,0,0,8,6.90729,1,7.418413,1,0.01,NaN
2021-11-16,ph01,134,0,0,8,7.769374,2,8.250942,0,0.01,NaN
2021-11-16,ph01,135,0,0,7,1.486492,2,1.975781,0,0.01,NaN
2021-11-16,ph01,135,0,0,7,2.365736,2,2.809373,0,0.01,NaN
2021-11-16,ph01,135,0,0,7,3.259653,1,3.653527,1,0.01,NaN
2021-11-16,ph01,135,0,0,7,4.108922,2,4.725708,0,0.01,NaN
2021-11-16,ph01,135,0,0,7,4.971029,1,5.563331,1,0.01,NaN
2021-11-16,ph01,135,0,0,7,5.807175,1,6.318411,1,0.01,NaN
2021-11-16,ph01,135,0,0,7,7.229145,2,7.770964,0,0.01,NaN
2021-11-16,ph01,136,0,0,8,1.76604,1,2.293185,1,0.01,NaN
2021-11-16,ph01,136,0,0,8,2.610951,1,3.098569,1,0.01,NaN
2021-11-16,ph01,136,0,0,8,3.454044,2,4.004217,1,0.01,NaN
2021-11-16,ph01,136,0,0,8,4.351307,1,4.997683,1,0.01,NaN
2021-11-16,ph01,136,0,0,8,5.186155,1,5.786361,1,0.01,NaN
2021-11-16,ph01,136,0,0,8,6.031731,1,6.56354,1,0.01,NaN
2021-11-16,ph01,136,0,0,8,6.88529,2,7.511847,1,0.01,NaN
2021-11-16,ph01,136,0,0,8,7.772338,2,8.484803,0,0.01,NaN
2021-11-16,ph01,137,0,0,8,1.345366,1,1.845318,1,0.01,NaN
2021-11-16,ph01,137,0,0,8,2.19506,2,2.7235,1,0.01,NaN
2021-11-16,ph01,137,0,0,8,3.078127,2,3.550966,1,0.01,NaN
2021-11-16,ph01,137,0,0,8,3.976916,2,4.431935,1,0.01,NaN
2021-11-16,ph01,137,0,0,8,4.856774,2,5.422145,0,0.01,NaN
2021-11-16,ph01,137,0,0,8,5.721761,1,6.209956,1,0.01,NaN
2021-11-16,ph01,137,0,0,8,6.566531,2,7.126269,1,0.01,NaN
2021-11-16,ph01,137,0,0,8,7.787503,1,8.281661,1,0.01,NaN
2021-11-16,ph01,138,0,0,8,1.687335,1,2.221045,1,0.01,NaN
2021-11-16,ph01,138,0,0,8,2.53206,2,3.059796,1,0.01,NaN
2021-11-16,ph01,138,0,0,8,3.415217,1,3.897738,1,0.01,NaN
2021-11-16,ph01,138,0,0,8,4.252776,2,4.74067,1,0.01,NaN
2021-11-16,ph01,138,0,0,8,5.141124,2,5.807474,0,0.01,NaN
2021-11-16,ph01,138,0,0,8,6.020259,1,6.639388,1,0.01,NaN
2021-11-16,ph01,138,0,0,8,6.856763,1,7.540561,0,0.01,NaN
2021-11-16,ph01,138,0,0,8,7.69526,1,8.228231,1,0.01,NaN
2021-11-16,ph01,139,0,0,7,1.357581,2,1.969181,0,0.01,NaN
2021-11-16,ph01,139,0,0,7,2.247111,2,2.757376,1,0.01,NaN
2021-11-16,ph01,139,0,0,7,3.119392,1,3.655554,1,0.01,NaN
2021-11-16,ph01,139,0,0,7,3.95802,1,4.572673,1,0.01,NaN
2021-11-16,ph01,139,0,0,7,4.800621,1,5.350344,1,0.01,NaN
2021-11-16,ph01,139,0,0,7,5.634371,2,6.125388,1,0.01,NaN
2021-11-16,ph01,139,0,0,7,6.520772,2,6.943395,1,0.01,NaN
2021-11-16,ph01,140,0,0,7,1.803382,2,2.332615,1,0.01,NaN
2021-11-16,ph01,140,0,0,7,2.68803,2,3.120651,1,0.01,NaN
2021-11-16,ph01,140,0,0,7,3.587259,2,4.031704,0,0.01,NaN
2021-11-16,ph01,140,0,0,7,4.450901,2,4.930727,0,0.01,NaN
2021-11-16,ph01,140,0,0,7,5.319665,2,5.808478,1,0.01,NaN
2021-11-16,ph01,140,0,0,7,6.197097,1,6.719322,1,0.01,NaN
2021-11-16,ph01,140,0,0,7,7.030102,1,7.530612,1,0.01,NaN
2021-11-16,ph01,141,0,0,8,1.643835,1,2.121472,1,0.01,NaN
2021-11-16,ph01,141,0,0,8,2.488249,1,2.947491,1,0.01,NaN
2021-11-16,ph01,141,0,0,8,3.339176,2,3.797936,1,0.01,NaN
2021-11-16,ph01,141,0,0,8,4.209199,1,4.921125,0,0.01,NaN
2021-11-16,ph01,141,0,0,8,5.052927,1,5.5755,1,0.01,NaN
2021-11-16,ph01,141,0,0,8,5.88695,2,6.347112,0,0.01,NaN
2021-11-16,ph01,141,0,0,8,6.761765,1,7.252245,1,0.01,NaN
2021-11-16,ph01,141,0,0,8,7.59639,1,8.096886,1,0.01,NaN
2021-11-16,ph01,142,0,0,7,1.477105,2,2.023243,1,0.01,NaN
2021-11-16,ph01,142,0,0,7,2.362213,2,2.876698,1,0.01,NaN
2021-11-16,ph01,142,0,0,7,3.232192,2,3.686834,1,0.01,NaN
2021-11-16,ph01,142,0,0,7,4.131064,2,4.541959,1,0.01,NaN
2021-11-16,ph01,142,0,0,7,5.020691,1,5.397459,0,0.01,NaN
2021-11-16,ph01,142,0,0,7,5.860769,2,6.43973,1,0.01,NaN
2021-11-16,ph01,142,0,0,7,6.751813,1,7.241478,0,0.01,NaN
2021-11-16,ph01,143,0,0,7,1.455373,2,1.960704,1,0.01,NaN
2021-11-16,ph01,143,0,0,7,2.328311,2,2.798894,1,0.01,NaN
2021-11-16,ph01,143,0,0,7,3.221001,2,3.698595,1,0.01,NaN
2021-11-16,ph01,143,0,0,7,4.087933,1,4.653687,1,0.01,NaN
2021-11-16,ph01,143,0,0,7,4.93105,1,5.431041,1,0.01,NaN
2021-11-16,ph01,143,0,0,7,5.78763,2,6.352211,0,0.01,NaN
2021-11-16,ph01,143,0,0,7,6.663936,2,7.474176,1,0.01,NaN
2021-11-16,ph01,144,0,0,7,1.632493,2,2.087337,1,0.01,NaN
2021-11-16,ph01,144,0,0,7,2.510435,2,3.125708,0,0.01,NaN
2021-11-16,ph01,144,0,0,7,3.386821,2,3.902803,1,0.01,NaN
2021-11-16,ph01,144,0,0,7,4.276216,2,4.747404,1,0.01,NaN
2021-11-16,ph01,144,0,0,7,5.175568,1,5.674262,0,0.01,NaN
2021-11-16,ph01,144,0,0,7,6.018739,2,6.529744,1,0.01,NaN
2021-11-16,ph01,144,0,0,7,6.885527,2,7.473884,1,0.01,NaN
2021-11-16,ph01,145,0,0,8,1.810268,1,2.287317,1,0.01,NaN
2021-11-16,ph01,145,0,0,8,2.654162,1,3.153903,1,0.01,NaN
2021-11-16,ph01,145,0,0,8,3.500256,1,4.00451,1,0.01,NaN
2021-11-16,ph01,145,0,0,8,4.350259,1,4.864069,0,0.01,NaN
2021-11-16,ph01,145,0,0,8,5.203182,2,5.685946,1,0.01,NaN
2021-11-16,ph01,145,0,0,8,6.084858,2,6.551598,1,0.01,NaN
2021-11-16,ph01,145,0,0,8,6.992542,2,7.472002,1,0.01,NaN
2021-11-16,ph01,145,0,0,8,7.884215,2,8.540833,0,0.01,NaN
2021-11-16,ph01,146,0,0,7,1.563964,2,2.032921,1,0.01,NaN
2021-11-16,ph01,146,0,0,7,2.449479,1,2.920454,1,0.01,NaN
2021-11-16,ph01,146,0,0,7,3.298167,2,3.743752,1,0.01,NaN
2021-11-16,ph01,146,0,0,7,4.17721,1,4.643328,1,0.01,NaN
2021-11-16,ph01,146,0,0,7,5.019888,1,5.519813,0,0.01,NaN
2021-11-16,ph01,146,0,0,7,5.853727,2,6.382318,1,0.01,NaN
2021-11-16,ph01,146,0,0,7,7.518768,2,8.117948,0,0.01,NaN
2021-11-16,ph01,147,0,0,8,1.566553,1,2.049412,1,0.01,NaN
2021-11-16,ph01,147,0,0,8,2.420677,2,2.899055,1,0.01,NaN
2021-11-16,ph01,147,0,0,8,3.298764,1,3.826271,0,0.01,NaN
2021-11-16,ph01,147,0,0,8,4.144176,2,4.775825,0,0.01,NaN
2021-11-16,ph01,147,0,0,8,5.020302,1,5.542911,1,0.01,NaN
2021-11-16,ph01,147,0,0,8,5.858808,1,6.325031,1,0.01,NaN
2021-11-16,ph01,147,0,0,8,7.074849,1,7.568946,1,0.01,NaN
2021-11-16,ph01,147,0,0,8,7.918129,2,8.501459,1,0.01,NaN
2021-11-16,ph01,148,0,0,8,1.792381,1,2.286319,1,0.01,NaN
2021-11-16,ph01,148,0,0,8,2.643693,1,3.104144,1,0.01,NaN
2021-11-16,ph01,148,0,0,8,3.486589,2,3.931278,1,0.01,NaN
2021-11-16,ph01,148,0,0,8,4.354654,1,5.075174,0,0.01,NaN
2021-11-16,ph01,148,0,0,8,5.196957,1,5.622619,0,0.01,NaN
2021-11-16,ph01,148,0,0,8,6.174127,1,6.729934,1,0.01,NaN
2021-11-16,ph01,148,0,0,8,7.00895,1,7.528667,1,0.01,NaN
2021-11-16,ph01,148,0,0,8,7.850939,2,8.641035,1,0.01,NaN
2021-11-16,ph01,149,0,0,8,1.543691,1,0,0,0.01,NaN
2021-11-16,ph01,149,0,0,8,2.429869,1,2.597838,0,0.01,NaN
2021-11-16,ph01,149,0,0,8,3.264038,1,3.920148,1,0.01,3.009008
2021-11-16,ph01,149,0,0,8,4.108648,1,4.64133,1,0.01,3.009008
2021-11-16,ph01,149,0,0,8,4.953079,2,5.496575,1,0.01,3.009008
2021-11-16,ph01,149,0,0,8,5.826715,1,6.439525,1,0.01,3.009008
2021-11-16,ph01,149,0,0,8,6.946372,1,7.568572,1,0.01,3.009008
2021-11-16,ph01,149,0,0,8,7.796516,2,8.359737,1,0.01,3.009008
2021-11-16,ph01,150,0,0,7,1.498824,1,1.976158,1,0.01,NaN
2021-11-16,ph01,150,0,0,7,2.349229,1,2.873778,1,0.01,NaN
2021-11-16,ph01,150,0,0,7,3.207156,1,3.661548,1,0.01,NaN
2021-11-16,ph01,150,0,0,7,4.063467,2,4.708098,0,0.01,NaN
2021-11-16,ph01,150,0,0,7,4.959138,2,5.473834,1,0.01,NaN
2021-11-16,ph01,150,0,0,7,5.841563,1,6.360333,1,0.01,NaN
2021-11-16,ph01,150,0,0,7,7.640678,2,8.195707,0,0.01,NaN
2021-11-16,ph01,151,0,0,8,1.805041,1,2.433523,1,0.01,NaN
2021-11-16,ph01,151,0,0,8,2.654849,1,3.200899,1,0.01,NaN
2021-11-16,ph01,151,0,0,8,3.514048,1,3.982458,1,0.01,NaN
2021-11-16,ph01,151,0,0,8,4.354601,1,4.853409,1,0.01,NaN
2021-11-16,ph01,151,0,0,8,5.197992,2,5.609032,1,0.01,NaN
2021-11-16,ph01,151,0,0,8,6.084545,2,6.518406,1,0.01,NaN
2021-11-16,ph01,151,0,0,8,6.974165,1,7.402319,1,0.01,NaN
2021-11-16,ph01,151,0,0,8,7.807911,1,8.407393,1,0.01,NaN
2021-11-16,ph01,152,0,0,7,1.509064,1,2.030895,1,0.01,NaN
2021-11-16,ph01,152,0,0,7,2.352642,1,2.818951,1,0.01,NaN
2021-11-16,ph01,152,0,0,7,3.196578,1,3.59655,1,0.01,NaN
2021-11-16,ph01,152,0,0,7,4.036564,1,4.551337,0,0.01,NaN
2021-11-16,ph01,152,0,0,7,4.874215,1,5.434258,0,0.01,NaN
2021-11-16,ph01,152,0,0,7,5.718045,2,6.239235,1,0.01,NaN
2021-11-16,ph01,152,0,0,7,6.596671,2,7.005919,1,0.01,NaN
2021-11-16,ph01,153,0,0,8,1.651852,1,2.253571,1,0.01,NaN
2021-11-16,ph01,153,0,0,8,2.498456,2,3.242926,0,0.01,NaN
2021-11-16,ph01,153,0,0,8,3.366348,1,4.063932,1,0.01,NaN
2021-11-16,ph01,153,0,0,8,4.207537,2,0,0,0.01,NaN
2021-11-16,ph01,153,0,0,8,5.099144,2,5.54126,0,0.01,NaN
2021-11-16,ph01,153,0,0,8,5.974617,2,6.418576,1,0.01,NaN
2021-11-16,ph01,153,0,0,8,7.195809,2,7.695687,1,0.01,NaN
2021-11-16,ph01,153,0,0,8,8.095892,2,8.615284,1,0.01,NaN
2021-11-16,ph01,154,0,0,8,1.598937,1,2.061203,1,0.01,NaN
2021-11-16,ph01,154,0,0,8,2.442629,1,2.903587,1,0.01,NaN
2021-11-16,ph01,154,0,0,8,3.275681,2,3.720876,1,0.01,NaN
2021-11-16,ph01,154,0,0,8,4.155697,1,4.730921,1,0.01,NaN
2021-11-16,ph01,154,0,0,8,5.008416,2,5.462553,1,0.01,NaN
2021-11-16,ph01,154,0,0,8,5.894083,2,6.440054,0,0.01,NaN
2021-11-16,ph01,154,0,0,8,6.762835,1,0,0,0.01,NaN
2021-11-16,ph01,154,0,0,8,7.640841,1,0,0,0.01,NaN
2021-11-16,ph01,155,0,0,7,1.576532,1,0,0,0.01,NaN
2021-11-16,ph01,155,0,0,7,2.407379,2,0,0,0.01,NaN
2021-11-16,ph01,155,0,0,7,3.243755,2,3.830544,0,0.01,NaN
2021-11-16,ph01,155,0,0,7,4.120839,1,4.587345,1,0.01,NaN
2021-11-16,ph01,155,0,0,7,4.952612,1,5.365037,1,0.01,NaN
2021-11-16,ph01,155,0,0,7,5.79611,2,6.194394,0,0.01,NaN
2021-11-16,ph01,155,0,0,7,7.173716,1,7.690473,0,0.01,NaN
2021-11-16,ph01,156,0,0,7,1.798833,1,2.343499,1,0.01,NaN
2021-11-16,ph01,156,0,0,7,2.642786,2,3.123172,0,0.01,NaN
2021-11-16,ph01,156,0,0,7,3.525122,1,0,0,0.01,NaN
2021-11-16,ph01,156,0,0,7,4.364297,2,0,0,0.01,NaN
2021-11-16,ph01,156,0,0,7,5.199461,2,0,0,0.01,NaN
2021-11-16,ph01,156,0,0,7,6.085718,1,0,0,0.01,NaN
2021-11-16,ph01,156,0,0,7,6.985911,1,0,0,0.01,NaN
2021-11-16,ph01,157,0,0,8,1.641452,1,0,0,0.01,NaN
2021-11-16,ph01,157,0,0,8,2.476397,1,0,0,0.01,NaN
2021-11-16,ph01,157,0,0,8,3.336724,1,0,0,0.01,NaN
2021-11-16,ph01,157,0,0,8,4.18647,2,0,0,0.01,NaN
2021-11-16,ph01,157,0,0,8,5.028583,2,5.630132,0,0.01,NaN
2021-11-16,ph01,157,0,0,8,6.301728,1,6.857615,1,0.01,NaN
2021-11-16,ph01,157,0,0,8,7.14674,1,7.895975,1,0.01,NaN
2021-11-16,ph01,157,0,0,8,7.984812,2,8.518209,1,0.01,NaN
2021-11-16,ph01,158,0,0,8,1.410009,2,1.896028,0,0.01,NaN
2021-11-16,ph01,158,0,0,8,2.309713,1,3.021949,1,0.01,2.186768
2021-11-16,ph01,158,0,0,8,3.142735,1,3.699708,1,0.01,2.186768
2021-11-16,ph01,158,0,0,8,3.987499,2,4.725612,1,0.01,2.186768
2021-11-16,ph01,158,0,0,8,4.881425,2,5.67342,0,0.01,2.186768
2021-11-16,ph01,158,0,0,8,5.758119,2,0,0,0.01,2.186768
2021-11-16,ph01,158,0,0,8,6.651745,2,0,0,0.01,2.186768
2021-11-16,ph01,158,0,0,8,7.546035,2,8.240107,0,0.01,2.186768
2021-11-16,ph01,159,0,0,8,1.80346,2,2.376185,0,0.01,NaN
2021-11-16,ph01,159,0,0,8,2.697378,2,3.197329,0,0.01,NaN
2021-11-16,ph01,159,0,0,8,3.564872,1,4.229608,0,0.01,NaN
2021-11-16,ph01,159,0,0,8,4.407526,1,5.141079,1,0.01,NaN
2021-11-16,ph01,159,0,0,8,5.268621,1,5.834782,0,0.01,NaN
2021-11-16,ph01,159,0,0,8,6.124218,2,6.70669,1,0.01,NaN
2021-11-16,ph01,159,0,0,8,7.00787,2,7.623279,0,0.01,NaN
2021-11-16,ph01,159,0,0,8,7.884081,2,8.556383,0,0.01,NaN
2021-11-16,ph01,160,0,0,8,1.819867,2,2.352296,0,0.01,NaN
2021-11-16,ph01,160,0,0,8,2.698228,2,3.403407,0,0.01,NaN
2021-11-16,ph01,160,0,0,8,3.566344,2,4.181396,1,0.01,NaN
2021-11-16,ph01,160,0,0,8,4.431197,2,5.188362,0,0.01,NaN
2021-11-16,ph01,160,0,0,8,5.314786,1,5.874163,1,0.01,NaN
2021-11-16,ph01,160,0,0,8,6.226204,2,0,0,0.01,NaN
2021-11-16,ph01,160,0,0,8,7.101343,2,7.656605,0,0.01,NaN
2021-11-16,ph01,160,0,0,8,8.144844,1,8.537621,1,0.01,NaN
2021-11-16,ph01,161,0,0,7,1.708241,1,2.377269,1,0.01,NaN
2021-11-16,ph01,161,0,0,7,2.553732,1,3.109281,1,0.01,NaN
2021-11-16,ph01,161,0,0,7,3.387522,2,3.887029,0,0.01,NaN
2021-11-16,ph01,161,0,0,7,4.264144,2,4.768931,0,0.01,NaN
2021-11-16,ph01,161,0,0,7,5.135214,2,5.718763,1,0.01,NaN
2021-11-16,ph01,161,0,0,7,6.019302,1,6.575253,1,0.01,NaN
2021-11-16,ph01,161,0,0,7,6.852505,1,7.406815,1,0.01,NaN
2021-11-16,ph01,162,0,0,8,1.765299,1,2.480967,1,0.01,NaN
2021-11-16,ph01,162,0,0,8,2.609466,2,3.159252,1,0.01,NaN
2021-11-16,ph01,162,0,0,8,3.496037,2,4.102405,0,0.01,NaN
2021-11-16,ph01,162,0,0,8,4.374602,1,5.036397,1,0.01,NaN
2021-11-16,ph01,162,0,0,8,5.428542,2,6.06154,1,0.01,NaN
2021-11-16,ph01,162,0,0,8,6.324012,1,6.939512,1,0.01,NaN
2021-11-16,ph01,162,0,0,8,7.17857,2,7.837688,1,0.01,NaN
2021-11-16,ph01,162,0,0,8,8.061798,2,8.689578,1,0.01,NaN
2021-11-16,ph01,163,0,0,8,1.503409,1,2.165341,1,0.01,NaN
2021-11-16,ph01,163,0,0,8,2.353811,2,2.94665,1,0.01,NaN
2021-11-16,ph01,163,0,0,8,3.22581,1,3.896628,1,0.01,NaN
2021-11-16,ph01,163,0,0,8,4.062673,1,4.697153,0,0.01,NaN
2021-11-16,ph01,163,0,0,8,4.897233,1,5.474356,0,0.01,NaN
2021-11-16,ph01,163,0,0,8,5.751912,1,6.362344,0,0.01,NaN
2021-11-16,ph01,163,0,0,8,6.901228,1,7.556264,0,0.01,NaN
2021-11-16,ph01,163,0,0,8,7.746608,1,8.310596,0,0.01,NaN
